sample_id,sample_name,step,metric,value,dataset,project,source_file,step_label
GFB-64245,DMF5CDR3bGIG012xnegative,01_preprocessing,reads_in_total,34906314,DMF5,P3481_LUCA-TCRDMF5,data/P3481_LUCA-TCRDMF5/01_preprocessed/22_05_2026_minLenght110_QScore30/per_sample_metrics.tsv,01 preprocessing
GFB-64245,DMF5CDR3bGIG012xnegative,01_preprocessing,reads_out_total,15966322,DMF5,P3481_LUCA-TCRDMF5,data/P3481_LUCA-TCRDMF5/01_preprocessed/22_05_2026_minLenght110_QScore30/per_sample_metrics.tsv,01 preprocessing
GFB-64245,DMF5CDR3bGIG012xnegative,01_preprocessing,reads_lost_trimming,18939992,DMF5,P3481_LUCA-TCRDMF5,data/P3481_LUCA-TCRDMF5/01_preprocessed/22_05_2026_minLenght110_QScore30/per_sample_metrics.tsv,01 preprocessing
GFB-64245,DMF5CDR3bGIG012xnegative,01_preprocessing,n_input_fastqs,2,DMF5,P3481_LUCA-TCRDMF5,data/P3481_LUCA-TCRDMF5/01_preprocessed/22_05_2026_minLenght110_QScore30/per_sample_metrics.tsv,01 preprocessing
GFB-64246,DMF5CDR3bGIG032xnegative,01_preprocessing,reads_in_total,18453526,DMF5,P3481_LUCA-TCRDMF5,data/P3481_LUCA-TCRDMF5/01_preprocessed/22_05_2026_minLenght110_QScore30/per_sample_metrics.tsv,01 preprocessing
GFB-64246,DMF5CDR3bGIG032xnegative,01_preprocessing,reads_out_total,7399731,DMF5,P3481_LUCA-TCRDMF5,data/P3481_LUCA-TCRDMF5/01_preprocessed/22_05_2026_minLenght110_QScore30/per_sample_metrics.tsv,01 preprocessing
GFB-64246,DMF5CDR3bGIG032xnegative,01_preprocessing,reads_lost_trimming,11053795,DMF5,P3481_LUCA-TCRDMF5,data/P3481_LUCA-TCRDMF5/01_preprocessed/22_05_2026_minLenght110_QScore30/per_sample_metrics.tsv,01 preprocessing
GFB-64246,DMF5CDR3bGIG032xnegative,01_preprocessing,n_input_fastqs,2,DMF5,P3481_LUCA-TCRDMF5,data/P3481_LUCA-TCRDMF5/01_preprocessed/22_05_2026_minLenght110_QScore30/per_sample_metrics.tsv,01 preprocessing
GFB-64247,DMF5CDR3bGIG042xnegative,01_preprocessing,reads_in_total,45684103,DMF5,P3481_LUCA-TCRDMF5,data/P3481_LUCA-TCRDMF5/01_preprocessed/22_05_2026_minLenght110_QScore30/per_sample_metrics.tsv,01 preprocessing
GFB-64247,DMF5CDR3bGIG042xnegative,01_preprocessing,reads_out_total,25382490,DMF5,P3481_LUCA-TCRDMF5,data/P3481_LUCA-TCRDMF5/01_preprocessed/22_05_2026_minLenght110_QScore30/per_sample_metrics.tsv,01 preprocessing
GFB-64247,DMF5CDR3bGIG042xnegative,01_preprocessing,reads_lost_trimming,20301613,DMF5,P3481_LUCA-TCRDMF5,data/P3481_LUCA-TCRDMF5/01_preprocessed/22_05_2026_minLenght110_QScore30/per_sample_metrics.tsv,01 preprocessing
GFB-64247,DMF5CDR3bGIG042xnegative,01_preprocessing,n_input_fastqs,2,DMF5,P3481_LUCA-TCRDMF5,data/P3481_LUCA-TCRDMF5/01_preprocessed/22_05_2026_minLenght110_QScore30/per_sample_metrics.tsv,01 preprocessing
GFB-64248,DMF5CDR3bGIG052xnegative,01_preprocessing,reads_in_total,22043894,DMF5,P3481_LUCA-TCRDMF5,data/P3481_LUCA-TCRDMF5/01_preprocessed/22_05_2026_minLenght110_QScore30/per_sample_metrics.tsv,01 preprocessing
GFB-64248,DMF5CDR3bGIG052xnegative,01_preprocessing,reads_out_total,10162321,DMF5,P3481_LUCA-TCRDMF5,data/P3481_LUCA-TCRDMF5/01_preprocessed/22_05_2026_minLenght110_QScore30/per_sample_metrics.tsv,01 preprocessing
GFB-64248,DMF5CDR3bGIG052xnegative,01_preprocessing,reads_lost_trimming,11881573,DMF5,P3481_LUCA-TCRDMF5,data/P3481_LUCA-TCRDMF5/01_preprocessed/22_05_2026_minLenght110_QScore30/per_sample_metrics.tsv,01 preprocessing
GFB-64248,DMF5CDR3bGIG052xnegative,01_preprocessing,n_input_fastqs,2,DMF5,P3481_LUCA-TCRDMF5,data/P3481_LUCA-TCRDMF5/01_preprocessed/22_05_2026_minLenght110_QScore30/per_sample_metrics.tsv,01 preprocessing
GFB-64249,DMF5CDR3bDRG012xnegative,01_preprocessing,reads_in_total,19220198,DMF5,P3481_LUCA-TCRDMF5,data/P3481_LUCA-TCRDMF5/01_preprocessed/22_05_2026_minLenght110_QScore30/per_sample_metrics.tsv,01 preprocessing
GFB-64249,DMF5CDR3bDRG012xnegative,01_preprocessing,reads_out_total,8406544,DMF5,P3481_LUCA-TCRDMF5,data/P3481_LUCA-TCRDMF5/01_preprocessed/22_05_2026_minLenght110_QScore30/per_sample_metrics.tsv,01 preprocessing
GFB-64249,DMF5CDR3bDRG012xnegative,01_preprocessing,reads_lost_trimming,10813654,DMF5,P3481_LUCA-TCRDMF5,data/P3481_LUCA-TCRDMF5/01_preprocessed/22_05_2026_minLenght110_QScore30/per_sample_metrics.tsv,01 preprocessing
GFB-64249,DMF5CDR3bDRG012xnegative,01_preprocessing,n_input_fastqs,2,DMF5,P3481_LUCA-TCRDMF5,data/P3481_LUCA-TCRDMF5/01_preprocessed/22_05_2026_minLenght110_QScore30/per_sample_metrics.tsv,01 preprocessing
GFB-64250,DMF5CDR3bDRG042xnegative,01_preprocessing,reads_in_total,12012100,DMF5,P3481_LUCA-TCRDMF5,data/P3481_LUCA-TCRDMF5/01_preprocessed/22_05_2026_minLenght110_QScore30/per_sample_metrics.tsv,01 preprocessing
GFB-64250,DMF5CDR3bDRG042xnegative,01_preprocessing,reads_out_total,4830741,DMF5,P3481_LUCA-TCRDMF5,data/P3481_LUCA-TCRDMF5/01_preprocessed/22_05_2026_minLenght110_QScore30/per_sample_metrics.tsv,01 preprocessing
GFB-64250,DMF5CDR3bDRG042xnegative,01_preprocessing,reads_lost_trimming,7181359,DMF5,P3481_LUCA-TCRDMF5,data/P3481_LUCA-TCRDMF5/01_preprocessed/22_05_2026_minLenght110_QScore30/per_sample_metrics.tsv,01 preprocessing
GFB-64250,DMF5CDR3bDRG042xnegative,01_preprocessing,n_input_fastqs,2,DMF5,P3481_LUCA-TCRDMF5,data/P3481_LUCA-TCRDMF5/01_preprocessed/22_05_2026_minLenght110_QScore30/per_sample_metrics.tsv,01 preprocessing
GFB-64251,DMF5CDR3bGIG011xpositive,01_preprocessing,reads_in_total,6677176,DMF5,P3481_LUCA-TCRDMF5,data/P3481_LUCA-TCRDMF5/01_preprocessed/22_05_2026_minLenght110_QScore30/per_sample_metrics.tsv,01 preprocessing
GFB-64251,DMF5CDR3bGIG011xpositive,01_preprocessing,reads_out_total,2565621,DMF5,P3481_LUCA-TCRDMF5,data/P3481_LUCA-TCRDMF5/01_preprocessed/22_05_2026_minLenght110_QScore30/per_sample_metrics.tsv,01 preprocessing
GFB-64251,DMF5CDR3bGIG011xpositive,01_preprocessing,reads_lost_trimming,4111555,DMF5,P3481_LUCA-TCRDMF5,data/P3481_LUCA-TCRDMF5/01_preprocessed/22_05_2026_minLenght110_QScore30/per_sample_metrics.tsv,01 preprocessing
GFB-64251,DMF5CDR3bGIG011xpositive,01_preprocessing,n_input_fastqs,2,DMF5,P3481_LUCA-TCRDMF5,data/P3481_LUCA-TCRDMF5/01_preprocessed/22_05_2026_minLenght110_QScore30/per_sample_metrics.tsv,01 preprocessing
GFB-64252,DMF5CDR3bGIG031xpositive,01_preprocessing,reads_in_total,10414313,DMF5,P3481_LUCA-TCRDMF5,data/P3481_LUCA-TCRDMF5/01_preprocessed/22_05_2026_minLenght110_QScore30/per_sample_metrics.tsv,01 preprocessing
GFB-64252,DMF5CDR3bGIG031xpositive,01_preprocessing,reads_out_total,5667752,DMF5,P3481_LUCA-TCRDMF5,data/P3481_LUCA-TCRDMF5/01_preprocessed/22_05_2026_minLenght110_QScore30/per_sample_metrics.tsv,01 preprocessing
GFB-64252,DMF5CDR3bGIG031xpositive,01_preprocessing,reads_lost_trimming,4746561,DMF5,P3481_LUCA-TCRDMF5,data/P3481_LUCA-TCRDMF5/01_preprocessed/22_05_2026_minLenght110_QScore30/per_sample_metrics.tsv,01 preprocessing
GFB-64252,DMF5CDR3bGIG031xpositive,01_preprocessing,n_input_fastqs,2,DMF5,P3481_LUCA-TCRDMF5,data/P3481_LUCA-TCRDMF5/01_preprocessed/22_05_2026_minLenght110_QScore30/per_sample_metrics.tsv,01 preprocessing
GFB-64253,DMF5CDR3bGIG041xpositive,01_preprocessing,reads_in_total,953293,DMF5,P3481_LUCA-TCRDMF5,data/P3481_LUCA-TCRDMF5/01_preprocessed/22_05_2026_minLenght110_QScore30/per_sample_metrics.tsv,01 preprocessing
GFB-64253,DMF5CDR3bGIG041xpositive,01_preprocessing,reads_out_total,407511,DMF5,P3481_LUCA-TCRDMF5,data/P3481_LUCA-TCRDMF5/01_preprocessed/22_05_2026_minLenght110_QScore30/per_sample_metrics.tsv,01 preprocessing
GFB-64253,DMF5CDR3bGIG041xpositive,01_preprocessing,reads_lost_trimming,545782,DMF5,P3481_LUCA-TCRDMF5,data/P3481_LUCA-TCRDMF5/01_preprocessed/22_05_2026_minLenght110_QScore30/per_sample_metrics.tsv,01 preprocessing
GFB-64253,DMF5CDR3bGIG041xpositive,01_preprocessing,n_input_fastqs,2,DMF5,P3481_LUCA-TCRDMF5,data/P3481_LUCA-TCRDMF5/01_preprocessed/22_05_2026_minLenght110_QScore30/per_sample_metrics.tsv,01 preprocessing
GFB-64254,DMF5CDR3bGIG051xpositive,01_preprocessing,reads_in_total,16597455,DMF5,P3481_LUCA-TCRDMF5,data/P3481_LUCA-TCRDMF5/01_preprocessed/22_05_2026_minLenght110_QScore30/per_sample_metrics.tsv,01 preprocessing
GFB-64254,DMF5CDR3bGIG051xpositive,01_preprocessing,reads_out_total,7214327,DMF5,P3481_LUCA-TCRDMF5,data/P3481_LUCA-TCRDMF5/01_preprocessed/22_05_2026_minLenght110_QScore30/per_sample_metrics.tsv,01 preprocessing
GFB-64254,DMF5CDR3bGIG051xpositive,01_preprocessing,reads_lost_trimming,9383128,DMF5,P3481_LUCA-TCRDMF5,data/P3481_LUCA-TCRDMF5/01_preprocessed/22_05_2026_minLenght110_QScore30/per_sample_metrics.tsv,01 preprocessing
GFB-64254,DMF5CDR3bGIG051xpositive,01_preprocessing,n_input_fastqs,2,DMF5,P3481_LUCA-TCRDMF5,data/P3481_LUCA-TCRDMF5/01_preprocessed/22_05_2026_minLenght110_QScore30/per_sample_metrics.tsv,01 preprocessing
GFB-64255,DMF5CDR3bDRG011xpositive,01_preprocessing,reads_in_total,5877350,DMF5,P3481_LUCA-TCRDMF5,data/P3481_LUCA-TCRDMF5/01_preprocessed/22_05_2026_minLenght110_QScore30/per_sample_metrics.tsv,01 preprocessing
GFB-64255,DMF5CDR3bDRG011xpositive,01_preprocessing,reads_out_total,2873451,DMF5,P3481_LUCA-TCRDMF5,data/P3481_LUCA-TCRDMF5/01_preprocessed/22_05_2026_minLenght110_QScore30/per_sample_metrics.tsv,01 preprocessing
GFB-64255,DMF5CDR3bDRG011xpositive,01_preprocessing,reads_lost_trimming,3003899,DMF5,P3481_LUCA-TCRDMF5,data/P3481_LUCA-TCRDMF5/01_preprocessed/22_05_2026_minLenght110_QScore30/per_sample_metrics.tsv,01 preprocessing
GFB-64255,DMF5CDR3bDRG011xpositive,01_preprocessing,n_input_fastqs,2,DMF5,P3481_LUCA-TCRDMF5,data/P3481_LUCA-TCRDMF5/01_preprocessed/22_05_2026_minLenght110_QScore30/per_sample_metrics.tsv,01 preprocessing
GFB-64256,DMF5CDR3bDRG041xpositive,01_preprocessing,reads_in_total,12234064,DMF5,P3481_LUCA-TCRDMF5,data/P3481_LUCA-TCRDMF5/01_preprocessed/22_05_2026_minLenght110_QScore30/per_sample_metrics.tsv,01 preprocessing
GFB-64256,DMF5CDR3bDRG041xpositive,01_preprocessing,reads_out_total,5019407,DMF5,P3481_LUCA-TCRDMF5,data/P3481_LUCA-TCRDMF5/01_preprocessed/22_05_2026_minLenght110_QScore30/per_sample_metrics.tsv,01 preprocessing
GFB-64256,DMF5CDR3bDRG041xpositive,01_preprocessing,reads_lost_trimming,7214657,DMF5,P3481_LUCA-TCRDMF5,data/P3481_LUCA-TCRDMF5/01_preprocessed/22_05_2026_minLenght110_QScore30/per_sample_metrics.tsv,01 preprocessing
GFB-64256,DMF5CDR3bDRG041xpositive,01_preprocessing,n_input_fastqs,2,DMF5,P3481_LUCA-TCRDMF5,data/P3481_LUCA-TCRDMF5/01_preprocessed/22_05_2026_minLenght110_QScore30/per_sample_metrics.tsv,01 preprocessing
GFB-64257,DMF5CDR3bGIG012xpositive,01_preprocessing,reads_in_total,18651963,DMF5,P3481_LUCA-TCRDMF5,data/P3481_LUCA-TCRDMF5/01_preprocessed/22_05_2026_minLenght110_QScore30/per_sample_metrics.tsv,01 preprocessing
GFB-64257,DMF5CDR3bGIG012xpositive,01_preprocessing,reads_out_total,10312935,DMF5,P3481_LUCA-TCRDMF5,data/P3481_LUCA-TCRDMF5/01_preprocessed/22_05_2026_minLenght110_QScore30/per_sample_metrics.tsv,01 preprocessing
GFB-64257,DMF5CDR3bGIG012xpositive,01_preprocessing,reads_lost_trimming,8339028,DMF5,P3481_LUCA-TCRDMF5,data/P3481_LUCA-TCRDMF5/01_preprocessed/22_05_2026_minLenght110_QScore30/per_sample_metrics.tsv,01 preprocessing
GFB-64257,DMF5CDR3bGIG012xpositive,01_preprocessing,n_input_fastqs,2,DMF5,P3481_LUCA-TCRDMF5,data/P3481_LUCA-TCRDMF5/01_preprocessed/22_05_2026_minLenght110_QScore30/per_sample_metrics.tsv,01 preprocessing
GFB-64258,DMF5CDR3bGIG032xpositive,01_preprocessing,reads_in_total,5966944,DMF5,P3481_LUCA-TCRDMF5,data/P3481_LUCA-TCRDMF5/01_preprocessed/22_05_2026_minLenght110_QScore30/per_sample_metrics.tsv,01 preprocessing
GFB-64258,DMF5CDR3bGIG032xpositive,01_preprocessing,reads_out_total,3313605,DMF5,P3481_LUCA-TCRDMF5,data/P3481_LUCA-TCRDMF5/01_preprocessed/22_05_2026_minLenght110_QScore30/per_sample_metrics.tsv,01 preprocessing
GFB-64258,DMF5CDR3bGIG032xpositive,01_preprocessing,reads_lost_trimming,2653339,DMF5,P3481_LUCA-TCRDMF5,data/P3481_LUCA-TCRDMF5/01_preprocessed/22_05_2026_minLenght110_QScore30/per_sample_metrics.tsv,01 preprocessing
GFB-64258,DMF5CDR3bGIG032xpositive,01_preprocessing,n_input_fastqs,2,DMF5,P3481_LUCA-TCRDMF5,data/P3481_LUCA-TCRDMF5/01_preprocessed/22_05_2026_minLenght110_QScore30/per_sample_metrics.tsv,01 preprocessing
GFB-64259,DMF5CDR3bGIG042xpositive,01_preprocessing,reads_in_total,15915981,DMF5,P3481_LUCA-TCRDMF5,data/P3481_LUCA-TCRDMF5/01_preprocessed/22_05_2026_minLenght110_QScore30/per_sample_metrics.tsv,01 preprocessing
GFB-64259,DMF5CDR3bGIG042xpositive,01_preprocessing,reads_out_total,7928506,DMF5,P3481_LUCA-TCRDMF5,data/P3481_LUCA-TCRDMF5/01_preprocessed/22_05_2026_minLenght110_QScore30/per_sample_metrics.tsv,01 preprocessing
GFB-64259,DMF5CDR3bGIG042xpositive,01_preprocessing,reads_lost_trimming,7987475,DMF5,P3481_LUCA-TCRDMF5,data/P3481_LUCA-TCRDMF5/01_preprocessed/22_05_2026_minLenght110_QScore30/per_sample_metrics.tsv,01 preprocessing
GFB-64259,DMF5CDR3bGIG042xpositive,01_preprocessing,n_input_fastqs,2,DMF5,P3481_LUCA-TCRDMF5,data/P3481_LUCA-TCRDMF5/01_preprocessed/22_05_2026_minLenght110_QScore30/per_sample_metrics.tsv,01 preprocessing
GFB-64260,DMF5CDR3bGIG052xpositive,01_preprocessing,reads_in_total,21302932,DMF5,P3481_LUCA-TCRDMF5,data/P3481_LUCA-TCRDMF5/01_preprocessed/22_05_2026_minLenght110_QScore30/per_sample_metrics.tsv,01 preprocessing
GFB-64260,DMF5CDR3bGIG052xpositive,01_preprocessing,reads_out_total,11193196,DMF5,P3481_LUCA-TCRDMF5,data/P3481_LUCA-TCRDMF5/01_preprocessed/22_05_2026_minLenght110_QScore30/per_sample_metrics.tsv,01 preprocessing
GFB-64260,DMF5CDR3bGIG052xpositive,01_preprocessing,reads_lost_trimming,10109736,DMF5,P3481_LUCA-TCRDMF5,data/P3481_LUCA-TCRDMF5/01_preprocessed/22_05_2026_minLenght110_QScore30/per_sample_metrics.tsv,01 preprocessing
GFB-64260,DMF5CDR3bGIG052xpositive,01_preprocessing,n_input_fastqs,2,DMF5,P3481_LUCA-TCRDMF5,data/P3481_LUCA-TCRDMF5/01_preprocessed/22_05_2026_minLenght110_QScore30/per_sample_metrics.tsv,01 preprocessing
GFB-64261,DMF5CDR3bDRG012xpositive,01_preprocessing,reads_in_total,8485910,DMF5,P3481_LUCA-TCRDMF5,data/P3481_LUCA-TCRDMF5/01_preprocessed/22_05_2026_minLenght110_QScore30/per_sample_metrics.tsv,01 preprocessing
GFB-64261,DMF5CDR3bDRG012xpositive,01_preprocessing,reads_out_total,4431309,DMF5,P3481_LUCA-TCRDMF5,data/P3481_LUCA-TCRDMF5/01_preprocessed/22_05_2026_minLenght110_QScore30/per_sample_metrics.tsv,01 preprocessing
GFB-64261,DMF5CDR3bDRG012xpositive,01_preprocessing,reads_lost_trimming,4054601,DMF5,P3481_LUCA-TCRDMF5,data/P3481_LUCA-TCRDMF5/01_preprocessed/22_05_2026_minLenght110_QScore30/per_sample_metrics.tsv,01 preprocessing
GFB-64261,DMF5CDR3bDRG012xpositive,01_preprocessing,n_input_fastqs,2,DMF5,P3481_LUCA-TCRDMF5,data/P3481_LUCA-TCRDMF5/01_preprocessed/22_05_2026_minLenght110_QScore30/per_sample_metrics.tsv,01 preprocessing
GFB-64262,DMF5CDR3bDRG042xpositive,01_preprocessing,reads_in_total,48744321,DMF5,P3481_LUCA-TCRDMF5,data/P3481_LUCA-TCRDMF5/01_preprocessed/22_05_2026_minLenght110_QScore30/per_sample_metrics.tsv,01 preprocessing
GFB-64262,DMF5CDR3bDRG042xpositive,01_preprocessing,reads_out_total,29770727,DMF5,P3481_LUCA-TCRDMF5,data/P3481_LUCA-TCRDMF5/01_preprocessed/22_05_2026_minLenght110_QScore30/per_sample_metrics.tsv,01 preprocessing
GFB-64262,DMF5CDR3bDRG042xpositive,01_preprocessing,reads_lost_trimming,18973594,DMF5,P3481_LUCA-TCRDMF5,data/P3481_LUCA-TCRDMF5/01_preprocessed/22_05_2026_minLenght110_QScore30/per_sample_metrics.tsv,01 preprocessing
GFB-64262,DMF5CDR3bDRG042xpositive,01_preprocessing,n_input_fastqs,2,DMF5,P3481_LUCA-TCRDMF5,data/P3481_LUCA-TCRDMF5/01_preprocessed/22_05_2026_minLenght110_QScore30/per_sample_metrics.tsv,01 preprocessing
GFB-64263,DMF5CDR3borilib,01_preprocessing,reads_in_total,63429054,DMF5,P3481_LUCA-TCRDMF5,data/P3481_LUCA-TCRDMF5/01_preprocessed/22_05_2026_minLenght110_QScore30/per_sample_metrics.tsv,01 preprocessing
GFB-64263,DMF5CDR3borilib,01_preprocessing,reads_out_total,23446648,DMF5,P3481_LUCA-TCRDMF5,data/P3481_LUCA-TCRDMF5/01_preprocessed/22_05_2026_minLenght110_QScore30/per_sample_metrics.tsv,01 preprocessing
GFB-64263,DMF5CDR3borilib,01_preprocessing,reads_lost_trimming,39982406,DMF5,P3481_LUCA-TCRDMF5,data/P3481_LUCA-TCRDMF5/01_preprocessed/22_05_2026_minLenght110_QScore30/per_sample_metrics.tsv,01 preprocessing
GFB-64263,DMF5CDR3borilib,01_preprocessing,n_input_fastqs,2,DMF5,P3481_LUCA-TCRDMF5,data/P3481_LUCA-TCRDMF5/01_preprocessed/22_05_2026_minLenght110_QScore30/per_sample_metrics.tsv,01 preprocessing
GFB-64253,DMF5CDR3bGIG041xpositive,02_umi_consensus,reads_in,407511,DMF5,P3481_LUCA-TCRDMF5,data/P3481_LUCA-TCRDMF5/02_umi/per_sample_metrics.tsv,02 UMI consensus
GFB-64253,DMF5CDR3bGIG041xpositive,02_umi_consensus,reads_lost_too_short,0,DMF5,P3481_LUCA-TCRDMF5,data/P3481_LUCA-TCRDMF5/02_umi/per_sample_metrics.tsv,02 UMI consensus
GFB-64253,DMF5CDR3bGIG041xpositive,02_umi_consensus,reads_lost_no_anchor,183044,DMF5,P3481_LUCA-TCRDMF5,data/P3481_LUCA-TCRDMF5/02_umi/per_sample_metrics.tsv,02 UMI consensus
GFB-64253,DMF5CDR3bGIG041xpositive,02_umi_consensus,reads_lost_anchor_wrong_pos,1130,DMF5,P3481_LUCA-TCRDMF5,data/P3481_LUCA-TCRDMF5/02_umi/per_sample_metrics.tsv,02 UMI consensus
GFB-64253,DMF5CDR3bGIG041xpositive,02_umi_consensus,reads_lost_empty_insert,0,DMF5,P3481_LUCA-TCRDMF5,data/P3481_LUCA-TCRDMF5/02_umi/per_sample_metrics.tsv,02 UMI consensus
GFB-64253,DMF5CDR3bGIG041xpositive,02_umi_consensus,reads_in_consensus,94433,DMF5,P3481_LUCA-TCRDMF5,data/P3481_LUCA-TCRDMF5/02_umi/per_sample_metrics.tsv,02 UMI consensus
GFB-64253,DMF5CDR3bGIG041xpositive,02_umi_consensus,reads_in_singletons,128904,DMF5,P3481_LUCA-TCRDMF5,data/P3481_LUCA-TCRDMF5/02_umi/per_sample_metrics.tsv,02 UMI consensus
GFB-64253,DMF5CDR3bGIG041xpositive,02_umi_consensus,umis_total,168908,DMF5,P3481_LUCA-TCRDMF5,data/P3481_LUCA-TCRDMF5/02_umi/per_sample_metrics.tsv,02 UMI consensus
GFB-64253,DMF5CDR3bGIG041xpositive,02_umi_consensus,umis_consensus,40004,DMF5,P3481_LUCA-TCRDMF5,data/P3481_LUCA-TCRDMF5/02_umi/per_sample_metrics.tsv,02 UMI consensus
GFB-64253,DMF5CDR3bGIG041xpositive,02_umi_consensus,umis_singleton,128904,DMF5,P3481_LUCA-TCRDMF5,data/P3481_LUCA-TCRDMF5/02_umi/per_sample_metrics.tsv,02 UMI consensus
GFB-64255,DMF5CDR3bDRG011xpositive,02_umi_consensus,reads_in,2873451,DMF5,P3481_LUCA-TCRDMF5,data/P3481_LUCA-TCRDMF5/02_umi/per_sample_metrics.tsv,02 UMI consensus
GFB-64255,DMF5CDR3bDRG011xpositive,02_umi_consensus,reads_lost_too_short,0,DMF5,P3481_LUCA-TCRDMF5,data/P3481_LUCA-TCRDMF5/02_umi/per_sample_metrics.tsv,02 UMI consensus
GFB-64255,DMF5CDR3bDRG011xpositive,02_umi_consensus,reads_lost_no_anchor,1408057,DMF5,P3481_LUCA-TCRDMF5,data/P3481_LUCA-TCRDMF5/02_umi/per_sample_metrics.tsv,02 UMI consensus
GFB-64255,DMF5CDR3bDRG011xpositive,02_umi_consensus,reads_lost_anchor_wrong_pos,7792,DMF5,P3481_LUCA-TCRDMF5,data/P3481_LUCA-TCRDMF5/02_umi/per_sample_metrics.tsv,02 UMI consensus
GFB-64255,DMF5CDR3bDRG011xpositive,02_umi_consensus,reads_lost_empty_insert,0,DMF5,P3481_LUCA-TCRDMF5,data/P3481_LUCA-TCRDMF5/02_umi/per_sample_metrics.tsv,02 UMI consensus
GFB-64255,DMF5CDR3bDRG011xpositive,02_umi_consensus,reads_in_consensus,1076847,DMF5,P3481_LUCA-TCRDMF5,data/P3481_LUCA-TCRDMF5/02_umi/per_sample_metrics.tsv,02 UMI consensus
GFB-64255,DMF5CDR3bDRG011xpositive,02_umi_consensus,reads_in_singletons,380755,DMF5,P3481_LUCA-TCRDMF5,data/P3481_LUCA-TCRDMF5/02_umi/per_sample_metrics.tsv,02 UMI consensus
GFB-64255,DMF5CDR3bDRG011xpositive,02_umi_consensus,umis_total,717978,DMF5,P3481_LUCA-TCRDMF5,data/P3481_LUCA-TCRDMF5/02_umi/per_sample_metrics.tsv,02 UMI consensus
GFB-64255,DMF5CDR3bDRG011xpositive,02_umi_consensus,umis_consensus,337223,DMF5,P3481_LUCA-TCRDMF5,data/P3481_LUCA-TCRDMF5/02_umi/per_sample_metrics.tsv,02 UMI consensus
GFB-64255,DMF5CDR3bDRG011xpositive,02_umi_consensus,umis_singleton,380755,DMF5,P3481_LUCA-TCRDMF5,data/P3481_LUCA-TCRDMF5/02_umi/per_sample_metrics.tsv,02 UMI consensus
GFB-64251,DMF5CDR3bGIG011xpositive,02_umi_consensus,reads_in,2565621,DMF5,P3481_LUCA-TCRDMF5,data/P3481_LUCA-TCRDMF5/02_umi/per_sample_metrics.tsv,02 UMI consensus
GFB-64251,DMF5CDR3bGIG011xpositive,02_umi_consensus,reads_lost_too_short,0,DMF5,P3481_LUCA-TCRDMF5,data/P3481_LUCA-TCRDMF5/02_umi/per_sample_metrics.tsv,02 UMI consensus
GFB-64251,DMF5CDR3bGIG011xpositive,02_umi_consensus,reads_lost_no_anchor,878019,DMF5,P3481_LUCA-TCRDMF5,data/P3481_LUCA-TCRDMF5/02_umi/per_sample_metrics.tsv,02 UMI consensus
GFB-64251,DMF5CDR3bGIG011xpositive,02_umi_consensus,reads_lost_anchor_wrong_pos,7213,DMF5,P3481_LUCA-TCRDMF5,data/P3481_LUCA-TCRDMF5/02_umi/per_sample_metrics.tsv,02 UMI consensus
GFB-64251,DMF5CDR3bGIG011xpositive,02_umi_consensus,reads_lost_empty_insert,0,DMF5,P3481_LUCA-TCRDMF5,data/P3481_LUCA-TCRDMF5/02_umi/per_sample_metrics.tsv,02 UMI consensus
GFB-64251,DMF5CDR3bGIG011xpositive,02_umi_consensus,reads_in_consensus,1265603,DMF5,P3481_LUCA-TCRDMF5,data/P3481_LUCA-TCRDMF5/02_umi/per_sample_metrics.tsv,02 UMI consensus
GFB-64251,DMF5CDR3bGIG011xpositive,02_umi_consensus,reads_in_singletons,414786,DMF5,P3481_LUCA-TCRDMF5,data/P3481_LUCA-TCRDMF5/02_umi/per_sample_metrics.tsv,02 UMI consensus
GFB-64251,DMF5CDR3bGIG011xpositive,02_umi_consensus,umis_total,805924,DMF5,P3481_LUCA-TCRDMF5,data/P3481_LUCA-TCRDMF5/02_umi/per_sample_metrics.tsv,02 UMI consensus
GFB-64251,DMF5CDR3bGIG011xpositive,02_umi_consensus,umis_consensus,391138,DMF5,P3481_LUCA-TCRDMF5,data/P3481_LUCA-TCRDMF5/02_umi/per_sample_metrics.tsv,02 UMI consensus
GFB-64251,DMF5CDR3bGIG011xpositive,02_umi_consensus,umis_singleton,414786,DMF5,P3481_LUCA-TCRDMF5,data/P3481_LUCA-TCRDMF5/02_umi/per_sample_metrics.tsv,02 UMI consensus
GFB-64258,DMF5CDR3bGIG032xpositive,02_umi_consensus,reads_in,3313605,DMF5,P3481_LUCA-TCRDMF5,data/P3481_LUCA-TCRDMF5/02_umi/per_sample_metrics.tsv,02 UMI consensus
GFB-64258,DMF5CDR3bGIG032xpositive,02_umi_consensus,reads_lost_too_short,0,DMF5,P3481_LUCA-TCRDMF5,data/P3481_LUCA-TCRDMF5/02_umi/per_sample_metrics.tsv,02 UMI consensus
GFB-64258,DMF5CDR3bGIG032xpositive,02_umi_consensus,reads_lost_no_anchor,1507203,DMF5,P3481_LUCA-TCRDMF5,data/P3481_LUCA-TCRDMF5/02_umi/per_sample_metrics.tsv,02 UMI consensus
GFB-64258,DMF5CDR3bGIG032xpositive,02_umi_consensus,reads_lost_anchor_wrong_pos,8926,DMF5,P3481_LUCA-TCRDMF5,data/P3481_LUCA-TCRDMF5/02_umi/per_sample_metrics.tsv,02 UMI consensus
GFB-64258,DMF5CDR3bGIG032xpositive,02_umi_consensus,reads_lost_empty_insert,0,DMF5,P3481_LUCA-TCRDMF5,data/P3481_LUCA-TCRDMF5/02_umi/per_sample_metrics.tsv,02 UMI consensus
GFB-64258,DMF5CDR3bGIG032xpositive,02_umi_consensus,reads_in_consensus,1460280,DMF5,P3481_LUCA-TCRDMF5,data/P3481_LUCA-TCRDMF5/02_umi/per_sample_metrics.tsv,02 UMI consensus
GFB-64258,DMF5CDR3bGIG032xpositive,02_umi_consensus,reads_in_singletons,337196,DMF5,P3481_LUCA-TCRDMF5,data/P3481_LUCA-TCRDMF5/02_umi/per_sample_metrics.tsv,02 UMI consensus
GFB-64258,DMF5CDR3bGIG032xpositive,02_umi_consensus,umis_total,708725,DMF5,P3481_LUCA-TCRDMF5,data/P3481_LUCA-TCRDMF5/02_umi/per_sample_metrics.tsv,02 UMI consensus
GFB-64258,DMF5CDR3bGIG032xpositive,02_umi_consensus,umis_consensus,371529,DMF5,P3481_LUCA-TCRDMF5,data/P3481_LUCA-TCRDMF5/02_umi/per_sample_metrics.tsv,02 UMI consensus
GFB-64258,DMF5CDR3bGIG032xpositive,02_umi_consensus,umis_singleton,337196,DMF5,P3481_LUCA-TCRDMF5,data/P3481_LUCA-TCRDMF5/02_umi/per_sample_metrics.tsv,02 UMI consensus
GFB-64261,DMF5CDR3bDRG012xpositive,02_umi_consensus,reads_in,4431309,DMF5,P3481_LUCA-TCRDMF5,data/P3481_LUCA-TCRDMF5/02_umi/per_sample_metrics.tsv,02 UMI consensus
GFB-64261,DMF5CDR3bDRG012xpositive,02_umi_consensus,reads_lost_too_short,0,DMF5,P3481_LUCA-TCRDMF5,data/P3481_LUCA-TCRDMF5/02_umi/per_sample_metrics.tsv,02 UMI consensus
GFB-64261,DMF5CDR3bDRG012xpositive,02_umi_consensus,reads_lost_no_anchor,1907245,DMF5,P3481_LUCA-TCRDMF5,data/P3481_LUCA-TCRDMF5/02_umi/per_sample_metrics.tsv,02 UMI consensus
GFB-64261,DMF5CDR3bDRG012xpositive,02_umi_consensus,reads_lost_anchor_wrong_pos,12694,DMF5,P3481_LUCA-TCRDMF5,data/P3481_LUCA-TCRDMF5/02_umi/per_sample_metrics.tsv,02 UMI consensus
GFB-64261,DMF5CDR3bDRG012xpositive,02_umi_consensus,reads_lost_empty_insert,0,DMF5,P3481_LUCA-TCRDMF5,data/P3481_LUCA-TCRDMF5/02_umi/per_sample_metrics.tsv,02 UMI consensus
GFB-64261,DMF5CDR3bDRG012xpositive,02_umi_consensus,reads_in_consensus,2145086,DMF5,P3481_LUCA-TCRDMF5,data/P3481_LUCA-TCRDMF5/02_umi/per_sample_metrics.tsv,02 UMI consensus
GFB-64261,DMF5CDR3bDRG012xpositive,02_umi_consensus,reads_in_singletons,366284,DMF5,P3481_LUCA-TCRDMF5,data/P3481_LUCA-TCRDMF5/02_umi/per_sample_metrics.tsv,02 UMI consensus
GFB-64261,DMF5CDR3bDRG012xpositive,02_umi_consensus,umis_total,826019,DMF5,P3481_LUCA-TCRDMF5,data/P3481_LUCA-TCRDMF5/02_umi/per_sample_metrics.tsv,02 UMI consensus
GFB-64261,DMF5CDR3bDRG012xpositive,02_umi_consensus,umis_consensus,459735,DMF5,P3481_LUCA-TCRDMF5,data/P3481_LUCA-TCRDMF5/02_umi/per_sample_metrics.tsv,02 UMI consensus
GFB-64261,DMF5CDR3bDRG012xpositive,02_umi_consensus,umis_singleton,366284,DMF5,P3481_LUCA-TCRDMF5,data/P3481_LUCA-TCRDMF5/02_umi/per_sample_metrics.tsv,02 UMI consensus
GFB-64256,DMF5CDR3bDRG041xpositive,02_umi_consensus,reads_in,5019407,DMF5,P3481_LUCA-TCRDMF5,data/P3481_LUCA-TCRDMF5/02_umi/per_sample_metrics.tsv,02 UMI consensus
GFB-64256,DMF5CDR3bDRG041xpositive,02_umi_consensus,reads_lost_too_short,0,DMF5,P3481_LUCA-TCRDMF5,data/P3481_LUCA-TCRDMF5/02_umi/per_sample_metrics.tsv,02 UMI consensus
GFB-64256,DMF5CDR3bDRG041xpositive,02_umi_consensus,reads_lost_no_anchor,1925107,DMF5,P3481_LUCA-TCRDMF5,data/P3481_LUCA-TCRDMF5/02_umi/per_sample_metrics.tsv,02 UMI consensus
GFB-64256,DMF5CDR3bDRG041xpositive,02_umi_consensus,reads_lost_anchor_wrong_pos,14709,DMF5,P3481_LUCA-TCRDMF5,data/P3481_LUCA-TCRDMF5/02_umi/per_sample_metrics.tsv,02 UMI consensus
GFB-64256,DMF5CDR3bDRG041xpositive,02_umi_consensus,reads_lost_empty_insert,0,DMF5,P3481_LUCA-TCRDMF5,data/P3481_LUCA-TCRDMF5/02_umi/per_sample_metrics.tsv,02 UMI consensus
GFB-64256,DMF5CDR3bDRG041xpositive,02_umi_consensus,reads_in_consensus,2616685,DMF5,P3481_LUCA-TCRDMF5,data/P3481_LUCA-TCRDMF5/02_umi/per_sample_metrics.tsv,02 UMI consensus
GFB-64256,DMF5CDR3bDRG041xpositive,02_umi_consensus,reads_in_singletons,462906,DMF5,P3481_LUCA-TCRDMF5,data/P3481_LUCA-TCRDMF5/02_umi/per_sample_metrics.tsv,02 UMI consensus
GFB-64256,DMF5CDR3bDRG041xpositive,02_umi_consensus,umis_total,1062486,DMF5,P3481_LUCA-TCRDMF5,data/P3481_LUCA-TCRDMF5/02_umi/per_sample_metrics.tsv,02 UMI consensus
GFB-64256,DMF5CDR3bDRG041xpositive,02_umi_consensus,umis_consensus,599580,DMF5,P3481_LUCA-TCRDMF5,data/P3481_LUCA-TCRDMF5/02_umi/per_sample_metrics.tsv,02 UMI consensus
GFB-64256,DMF5CDR3bDRG041xpositive,02_umi_consensus,umis_singleton,462906,DMF5,P3481_LUCA-TCRDMF5,data/P3481_LUCA-TCRDMF5/02_umi/per_sample_metrics.tsv,02 UMI consensus
GFB-64250,DMF5CDR3bDRG042xnegative,02_umi_consensus,reads_in,4830741,DMF5,P3481_LUCA-TCRDMF5,data/P3481_LUCA-TCRDMF5/02_umi/per_sample_metrics.tsv,02 UMI consensus
GFB-64250,DMF5CDR3bDRG042xnegative,02_umi_consensus,reads_lost_too_short,0,DMF5,P3481_LUCA-TCRDMF5,data/P3481_LUCA-TCRDMF5/02_umi/per_sample_metrics.tsv,02 UMI consensus
GFB-64250,DMF5CDR3bDRG042xnegative,02_umi_consensus,reads_lost_no_anchor,1576661,DMF5,P3481_LUCA-TCRDMF5,data/P3481_LUCA-TCRDMF5/02_umi/per_sample_metrics.tsv,02 UMI consensus
GFB-64250,DMF5CDR3bDRG042xnegative,02_umi_consensus,reads_lost_anchor_wrong_pos,17985,DMF5,P3481_LUCA-TCRDMF5,data/P3481_LUCA-TCRDMF5/02_umi/per_sample_metrics.tsv,02 UMI consensus
GFB-64250,DMF5CDR3bDRG042xnegative,02_umi_consensus,reads_lost_empty_insert,0,DMF5,P3481_LUCA-TCRDMF5,data/P3481_LUCA-TCRDMF5/02_umi/per_sample_metrics.tsv,02 UMI consensus
GFB-64250,DMF5CDR3bDRG042xnegative,02_umi_consensus,reads_in_consensus,2748033,DMF5,P3481_LUCA-TCRDMF5,data/P3481_LUCA-TCRDMF5/02_umi/per_sample_metrics.tsv,02 UMI consensus
GFB-64250,DMF5CDR3bDRG042xnegative,02_umi_consensus,reads_in_singletons,488062,DMF5,P3481_LUCA-TCRDMF5,data/P3481_LUCA-TCRDMF5/02_umi/per_sample_metrics.tsv,02 UMI consensus
GFB-64250,DMF5CDR3bDRG042xnegative,02_umi_consensus,umis_total,1060632,DMF5,P3481_LUCA-TCRDMF5,data/P3481_LUCA-TCRDMF5/02_umi/per_sample_metrics.tsv,02 UMI consensus
GFB-64250,DMF5CDR3bDRG042xnegative,02_umi_consensus,umis_consensus,572570,DMF5,P3481_LUCA-TCRDMF5,data/P3481_LUCA-TCRDMF5/02_umi/per_sample_metrics.tsv,02 UMI consensus
GFB-64250,DMF5CDR3bDRG042xnegative,02_umi_consensus,umis_singleton,488062,DMF5,P3481_LUCA-TCRDMF5,data/P3481_LUCA-TCRDMF5/02_umi/per_sample_metrics.tsv,02 UMI consensus
GFB-64252,DMF5CDR3bGIG031xpositive,02_umi_consensus,reads_in,5667752,DMF5,P3481_LUCA-TCRDMF5,data/P3481_LUCA-TCRDMF5/02_umi/per_sample_metrics.tsv,02 UMI consensus
GFB-64252,DMF5CDR3bGIG031xpositive,02_umi_consensus,reads_lost_too_short,0,DMF5,P3481_LUCA-TCRDMF5,data/P3481_LUCA-TCRDMF5/02_umi/per_sample_metrics.tsv,02 UMI consensus
GFB-64252,DMF5CDR3bGIG031xpositive,02_umi_consensus,reads_lost_no_anchor,1938762,DMF5,P3481_LUCA-TCRDMF5,data/P3481_LUCA-TCRDMF5/02_umi/per_sample_metrics.tsv,02 UMI consensus
GFB-64252,DMF5CDR3bGIG031xpositive,02_umi_consensus,reads_lost_anchor_wrong_pos,15178,DMF5,P3481_LUCA-TCRDMF5,data/P3481_LUCA-TCRDMF5/02_umi/per_sample_metrics.tsv,02 UMI consensus
GFB-64252,DMF5CDR3bGIG031xpositive,02_umi_consensus,reads_lost_empty_insert,0,DMF5,P3481_LUCA-TCRDMF5,data/P3481_LUCA-TCRDMF5/02_umi/per_sample_metrics.tsv,02 UMI consensus
GFB-64252,DMF5CDR3bGIG031xpositive,02_umi_consensus,reads_in_consensus,3306946,DMF5,P3481_LUCA-TCRDMF5,data/P3481_LUCA-TCRDMF5/02_umi/per_sample_metrics.tsv,02 UMI consensus
GFB-64252,DMF5CDR3bGIG031xpositive,02_umi_consensus,reads_in_singletons,406866,DMF5,P3481_LUCA-TCRDMF5,data/P3481_LUCA-TCRDMF5/02_umi/per_sample_metrics.tsv,02 UMI consensus
GFB-64252,DMF5CDR3bGIG031xpositive,02_umi_consensus,umis_total,1075209,DMF5,P3481_LUCA-TCRDMF5,data/P3481_LUCA-TCRDMF5/02_umi/per_sample_metrics.tsv,02 UMI consensus
GFB-64252,DMF5CDR3bGIG031xpositive,02_umi_consensus,umis_consensus,668343,DMF5,P3481_LUCA-TCRDMF5,data/P3481_LUCA-TCRDMF5/02_umi/per_sample_metrics.tsv,02 UMI consensus
GFB-64252,DMF5CDR3bGIG031xpositive,02_umi_consensus,umis_singleton,406866,DMF5,P3481_LUCA-TCRDMF5,data/P3481_LUCA-TCRDMF5/02_umi/per_sample_metrics.tsv,02 UMI consensus
GFB-64246,DMF5CDR3bGIG032xnegative,02_umi_consensus,reads_in,7399731,DMF5,P3481_LUCA-TCRDMF5,data/P3481_LUCA-TCRDMF5/02_umi/per_sample_metrics.tsv,02 UMI consensus
GFB-64246,DMF5CDR3bGIG032xnegative,02_umi_consensus,reads_lost_too_short,0,DMF5,P3481_LUCA-TCRDMF5,data/P3481_LUCA-TCRDMF5/02_umi/per_sample_metrics.tsv,02 UMI consensus
GFB-64246,DMF5CDR3bGIG032xnegative,02_umi_consensus,reads_lost_no_anchor,2800177,DMF5,P3481_LUCA-TCRDMF5,data/P3481_LUCA-TCRDMF5/02_umi/per_sample_metrics.tsv,02 UMI consensus
GFB-64246,DMF5CDR3bGIG032xnegative,02_umi_consensus,reads_lost_anchor_wrong_pos,22353,DMF5,P3481_LUCA-TCRDMF5,data/P3481_LUCA-TCRDMF5/02_umi/per_sample_metrics.tsv,02 UMI consensus
GFB-64246,DMF5CDR3bGIG032xnegative,02_umi_consensus,reads_lost_empty_insert,0,DMF5,P3481_LUCA-TCRDMF5,data/P3481_LUCA-TCRDMF5/02_umi/per_sample_metrics.tsv,02 UMI consensus
GFB-64246,DMF5CDR3bGIG032xnegative,02_umi_consensus,reads_in_consensus,4005156,DMF5,P3481_LUCA-TCRDMF5,data/P3481_LUCA-TCRDMF5/02_umi/per_sample_metrics.tsv,02 UMI consensus
GFB-64246,DMF5CDR3bGIG032xnegative,02_umi_consensus,reads_in_singletons,572045,DMF5,P3481_LUCA-TCRDMF5,data/P3481_LUCA-TCRDMF5/02_umi/per_sample_metrics.tsv,02 UMI consensus
GFB-64246,DMF5CDR3bGIG032xnegative,02_umi_consensus,umis_total,1376944,DMF5,P3481_LUCA-TCRDMF5,data/P3481_LUCA-TCRDMF5/02_umi/per_sample_metrics.tsv,02 UMI consensus
GFB-64246,DMF5CDR3bGIG032xnegative,02_umi_consensus,umis_consensus,804899,DMF5,P3481_LUCA-TCRDMF5,data/P3481_LUCA-TCRDMF5/02_umi/per_sample_metrics.tsv,02 UMI consensus
GFB-64246,DMF5CDR3bGIG032xnegative,02_umi_consensus,umis_singleton,572045,DMF5,P3481_LUCA-TCRDMF5,data/P3481_LUCA-TCRDMF5/02_umi/per_sample_metrics.tsv,02 UMI consensus
GFB-64259,DMF5CDR3bGIG042xpositive,02_umi_consensus,reads_in,7928506,DMF5,P3481_LUCA-TCRDMF5,data/P3481_LUCA-TCRDMF5/02_umi/per_sample_metrics.tsv,02 UMI consensus
GFB-64259,DMF5CDR3bGIG042xpositive,02_umi_consensus,reads_lost_too_short,0,DMF5,P3481_LUCA-TCRDMF5,data/P3481_LUCA-TCRDMF5/02_umi/per_sample_metrics.tsv,02 UMI consensus
GFB-64259,DMF5CDR3bGIG042xpositive,02_umi_consensus,reads_lost_no_anchor,2566453,DMF5,P3481_LUCA-TCRDMF5,data/P3481_LUCA-TCRDMF5/02_umi/per_sample_metrics.tsv,02 UMI consensus
GFB-64259,DMF5CDR3bGIG042xpositive,02_umi_consensus,reads_lost_anchor_wrong_pos,22122,DMF5,P3481_LUCA-TCRDMF5,data/P3481_LUCA-TCRDMF5/02_umi/per_sample_metrics.tsv,02 UMI consensus
GFB-64259,DMF5CDR3bGIG042xpositive,02_umi_consensus,reads_lost_empty_insert,0,DMF5,P3481_LUCA-TCRDMF5,data/P3481_LUCA-TCRDMF5/02_umi/per_sample_metrics.tsv,02 UMI consensus
GFB-64259,DMF5CDR3bGIG042xpositive,02_umi_consensus,reads_in_consensus,4899418,DMF5,P3481_LUCA-TCRDMF5,data/P3481_LUCA-TCRDMF5/02_umi/per_sample_metrics.tsv,02 UMI consensus
GFB-64259,DMF5CDR3bGIG042xpositive,02_umi_consensus,reads_in_singletons,440513,DMF5,P3481_LUCA-TCRDMF5,data/P3481_LUCA-TCRDMF5/02_umi/per_sample_metrics.tsv,02 UMI consensus
GFB-64259,DMF5CDR3bGIG042xpositive,02_umi_consensus,umis_total,1065035,DMF5,P3481_LUCA-TCRDMF5,data/P3481_LUCA-TCRDMF5/02_umi/per_sample_metrics.tsv,02 UMI consensus
GFB-64259,DMF5CDR3bGIG042xpositive,02_umi_consensus,umis_consensus,624522,DMF5,P3481_LUCA-TCRDMF5,data/P3481_LUCA-TCRDMF5/02_umi/per_sample_metrics.tsv,02 UMI consensus
GFB-64259,DMF5CDR3bGIG042xpositive,02_umi_consensus,umis_singleton,440513,DMF5,P3481_LUCA-TCRDMF5,data/P3481_LUCA-TCRDMF5/02_umi/per_sample_metrics.tsv,02 UMI consensus
GFB-64254,DMF5CDR3bGIG051xpositive,02_umi_consensus,reads_in,7214327,DMF5,P3481_LUCA-TCRDMF5,data/P3481_LUCA-TCRDMF5/02_umi/per_sample_metrics.tsv,02 UMI consensus
GFB-64254,DMF5CDR3bGIG051xpositive,02_umi_consensus,reads_lost_too_short,0,DMF5,P3481_LUCA-TCRDMF5,data/P3481_LUCA-TCRDMF5/02_umi/per_sample_metrics.tsv,02 UMI consensus
GFB-64254,DMF5CDR3bGIG051xpositive,02_umi_consensus,reads_lost_no_anchor,1394128,DMF5,P3481_LUCA-TCRDMF5,data/P3481_LUCA-TCRDMF5/02_umi/per_sample_metrics.tsv,02 UMI consensus
GFB-64254,DMF5CDR3bGIG051xpositive,02_umi_consensus,reads_lost_anchor_wrong_pos,23423,DMF5,P3481_LUCA-TCRDMF5,data/P3481_LUCA-TCRDMF5/02_umi/per_sample_metrics.tsv,02 UMI consensus
GFB-64254,DMF5CDR3bGIG051xpositive,02_umi_consensus,reads_lost_empty_insert,0,DMF5,P3481_LUCA-TCRDMF5,data/P3481_LUCA-TCRDMF5/02_umi/per_sample_metrics.tsv,02 UMI consensus
GFB-64254,DMF5CDR3bGIG051xpositive,02_umi_consensus,reads_in_consensus,5243689,DMF5,P3481_LUCA-TCRDMF5,data/P3481_LUCA-TCRDMF5/02_umi/per_sample_metrics.tsv,02 UMI consensus
GFB-64254,DMF5CDR3bGIG051xpositive,02_umi_consensus,reads_in_singletons,553087,DMF5,P3481_LUCA-TCRDMF5,data/P3481_LUCA-TCRDMF5/02_umi/per_sample_metrics.tsv,02 UMI consensus
GFB-64254,DMF5CDR3bGIG051xpositive,02_umi_consensus,umis_total,1376851,DMF5,P3481_LUCA-TCRDMF5,data/P3481_LUCA-TCRDMF5/02_umi/per_sample_metrics.tsv,02 UMI consensus
GFB-64254,DMF5CDR3bGIG051xpositive,02_umi_consensus,umis_consensus,823764,DMF5,P3481_LUCA-TCRDMF5,data/P3481_LUCA-TCRDMF5/02_umi/per_sample_metrics.tsv,02 UMI consensus
GFB-64254,DMF5CDR3bGIG051xpositive,02_umi_consensus,umis_singleton,553087,DMF5,P3481_LUCA-TCRDMF5,data/P3481_LUCA-TCRDMF5/02_umi/per_sample_metrics.tsv,02 UMI consensus
GFB-64249,DMF5CDR3bDRG012xnegative,02_umi_consensus,reads_in,8406544,DMF5,P3481_LUCA-TCRDMF5,data/P3481_LUCA-TCRDMF5/02_umi/per_sample_metrics.tsv,02 UMI consensus
GFB-64249,DMF5CDR3bDRG012xnegative,02_umi_consensus,reads_lost_too_short,0,DMF5,P3481_LUCA-TCRDMF5,data/P3481_LUCA-TCRDMF5/02_umi/per_sample_metrics.tsv,02 UMI consensus
GFB-64249,DMF5CDR3bDRG012xnegative,02_umi_consensus,reads_lost_no_anchor,2280038,DMF5,P3481_LUCA-TCRDMF5,data/P3481_LUCA-TCRDMF5/02_umi/per_sample_metrics.tsv,02 UMI consensus
GFB-64249,DMF5CDR3bDRG012xnegative,02_umi_consensus,reads_lost_anchor_wrong_pos,25657,DMF5,P3481_LUCA-TCRDMF5,data/P3481_LUCA-TCRDMF5/02_umi/per_sample_metrics.tsv,02 UMI consensus
GFB-64249,DMF5CDR3bDRG012xnegative,02_umi_consensus,reads_lost_empty_insert,0,DMF5,P3481_LUCA-TCRDMF5,data/P3481_LUCA-TCRDMF5/02_umi/per_sample_metrics.tsv,02 UMI consensus
GFB-64249,DMF5CDR3bDRG012xnegative,02_umi_consensus,reads_in_consensus,5573508,DMF5,P3481_LUCA-TCRDMF5,data/P3481_LUCA-TCRDMF5/02_umi/per_sample_metrics.tsv,02 UMI consensus
GFB-64249,DMF5CDR3bDRG012xnegative,02_umi_consensus,reads_in_singletons,527341,DMF5,P3481_LUCA-TCRDMF5,data/P3481_LUCA-TCRDMF5/02_umi/per_sample_metrics.tsv,02 UMI consensus
GFB-64249,DMF5CDR3bDRG012xnegative,02_umi_consensus,umis_total,1323934,DMF5,P3481_LUCA-TCRDMF5,data/P3481_LUCA-TCRDMF5/02_umi/per_sample_metrics.tsv,02 UMI consensus
GFB-64249,DMF5CDR3bDRG012xnegative,02_umi_consensus,umis_consensus,796593,DMF5,P3481_LUCA-TCRDMF5,data/P3481_LUCA-TCRDMF5/02_umi/per_sample_metrics.tsv,02 UMI consensus
GFB-64249,DMF5CDR3bDRG012xnegative,02_umi_consensus,umis_singleton,527341,DMF5,P3481_LUCA-TCRDMF5,data/P3481_LUCA-TCRDMF5/02_umi/per_sample_metrics.tsv,02 UMI consensus
GFB-64248,DMF5CDR3bGIG052xnegative,02_umi_consensus,reads_in,10162321,DMF5,P3481_LUCA-TCRDMF5,data/P3481_LUCA-TCRDMF5/02_umi/per_sample_metrics.tsv,02 UMI consensus
GFB-64248,DMF5CDR3bGIG052xnegative,02_umi_consensus,reads_lost_too_short,0,DMF5,P3481_LUCA-TCRDMF5,data/P3481_LUCA-TCRDMF5/02_umi/per_sample_metrics.tsv,02 UMI consensus
GFB-64248,DMF5CDR3bGIG052xnegative,02_umi_consensus,reads_lost_no_anchor,3538554,DMF5,P3481_LUCA-TCRDMF5,data/P3481_LUCA-TCRDMF5/02_umi/per_sample_metrics.tsv,02 UMI consensus
GFB-64248,DMF5CDR3bGIG052xnegative,02_umi_consensus,reads_lost_anchor_wrong_pos,29597,DMF5,P3481_LUCA-TCRDMF5,data/P3481_LUCA-TCRDMF5/02_umi/per_sample_metrics.tsv,02 UMI consensus
GFB-64248,DMF5CDR3bGIG052xnegative,02_umi_consensus,reads_lost_empty_insert,0,DMF5,P3481_LUCA-TCRDMF5,data/P3481_LUCA-TCRDMF5/02_umi/per_sample_metrics.tsv,02 UMI consensus
GFB-64248,DMF5CDR3bGIG052xnegative,02_umi_consensus,reads_in_consensus,5970911,DMF5,P3481_LUCA-TCRDMF5,data/P3481_LUCA-TCRDMF5/02_umi/per_sample_metrics.tsv,02 UMI consensus
GFB-64248,DMF5CDR3bGIG052xnegative,02_umi_consensus,reads_in_singletons,623259,DMF5,P3481_LUCA-TCRDMF5,data/P3481_LUCA-TCRDMF5/02_umi/per_sample_metrics.tsv,02 UMI consensus
GFB-64248,DMF5CDR3bGIG052xnegative,02_umi_consensus,umis_total,1510363,DMF5,P3481_LUCA-TCRDMF5,data/P3481_LUCA-TCRDMF5/02_umi/per_sample_metrics.tsv,02 UMI consensus
GFB-64248,DMF5CDR3bGIG052xnegative,02_umi_consensus,umis_consensus,887104,DMF5,P3481_LUCA-TCRDMF5,data/P3481_LUCA-TCRDMF5/02_umi/per_sample_metrics.tsv,02 UMI consensus
GFB-64248,DMF5CDR3bGIG052xnegative,02_umi_consensus,umis_singleton,623259,DMF5,P3481_LUCA-TCRDMF5,data/P3481_LUCA-TCRDMF5/02_umi/per_sample_metrics.tsv,02 UMI consensus
GFB-64245,DMF5CDR3bGIG012xnegative,02_umi_consensus,reads_in,15966322,DMF5,P3481_LUCA-TCRDMF5,data/P3481_LUCA-TCRDMF5/02_umi/per_sample_metrics.tsv,02 UMI consensus
GFB-64245,DMF5CDR3bGIG012xnegative,02_umi_consensus,reads_lost_too_short,0,DMF5,P3481_LUCA-TCRDMF5,data/P3481_LUCA-TCRDMF5/02_umi/per_sample_metrics.tsv,02 UMI consensus
GFB-64245,DMF5CDR3bGIG012xnegative,02_umi_consensus,reads_lost_no_anchor,8349820,DMF5,P3481_LUCA-TCRDMF5,data/P3481_LUCA-TCRDMF5/02_umi/per_sample_metrics.tsv,02 UMI consensus
GFB-64245,DMF5CDR3bGIG012xnegative,02_umi_consensus,reads_lost_anchor_wrong_pos,46596,DMF5,P3481_LUCA-TCRDMF5,data/P3481_LUCA-TCRDMF5/02_umi/per_sample_metrics.tsv,02 UMI consensus
GFB-64245,DMF5CDR3bGIG012xnegative,02_umi_consensus,reads_lost_empty_insert,0,DMF5,P3481_LUCA-TCRDMF5,data/P3481_LUCA-TCRDMF5/02_umi/per_sample_metrics.tsv,02 UMI consensus
GFB-64245,DMF5CDR3bGIG012xnegative,02_umi_consensus,reads_in_consensus,6871497,DMF5,P3481_LUCA-TCRDMF5,data/P3481_LUCA-TCRDMF5/02_umi/per_sample_metrics.tsv,02 UMI consensus
GFB-64245,DMF5CDR3bGIG012xnegative,02_umi_consensus,reads_in_singletons,698409,DMF5,P3481_LUCA-TCRDMF5,data/P3481_LUCA-TCRDMF5/02_umi/per_sample_metrics.tsv,02 UMI consensus
GFB-64245,DMF5CDR3bGIG012xnegative,02_umi_consensus,umis_total,1695183,DMF5,P3481_LUCA-TCRDMF5,data/P3481_LUCA-TCRDMF5/02_umi/per_sample_metrics.tsv,02 UMI consensus
GFB-64245,DMF5CDR3bGIG012xnegative,02_umi_consensus,umis_consensus,996774,DMF5,P3481_LUCA-TCRDMF5,data/P3481_LUCA-TCRDMF5/02_umi/per_sample_metrics.tsv,02 UMI consensus
GFB-64245,DMF5CDR3bGIG012xnegative,02_umi_consensus,umis_singleton,698409,DMF5,P3481_LUCA-TCRDMF5,data/P3481_LUCA-TCRDMF5/02_umi/per_sample_metrics.tsv,02 UMI consensus
GFB-64257,DMF5CDR3bGIG012xpositive,02_umi_consensus,reads_in,10312935,DMF5,P3481_LUCA-TCRDMF5,data/P3481_LUCA-TCRDMF5/02_umi/per_sample_metrics.tsv,02 UMI consensus
GFB-64257,DMF5CDR3bGIG012xpositive,02_umi_consensus,reads_lost_too_short,0,DMF5,P3481_LUCA-TCRDMF5,data/P3481_LUCA-TCRDMF5/02_umi/per_sample_metrics.tsv,02 UMI consensus
GFB-64257,DMF5CDR3bGIG012xpositive,02_umi_consensus,reads_lost_no_anchor,1804399,DMF5,P3481_LUCA-TCRDMF5,data/P3481_LUCA-TCRDMF5/02_umi/per_sample_metrics.tsv,02 UMI consensus
GFB-64257,DMF5CDR3bGIG012xpositive,02_umi_consensus,reads_lost_anchor_wrong_pos,31922,DMF5,P3481_LUCA-TCRDMF5,data/P3481_LUCA-TCRDMF5/02_umi/per_sample_metrics.tsv,02 UMI consensus
GFB-64257,DMF5CDR3bGIG012xpositive,02_umi_consensus,reads_lost_empty_insert,0,DMF5,P3481_LUCA-TCRDMF5,data/P3481_LUCA-TCRDMF5/02_umi/per_sample_metrics.tsv,02 UMI consensus
GFB-64257,DMF5CDR3bGIG012xpositive,02_umi_consensus,reads_in_consensus,7877697,DMF5,P3481_LUCA-TCRDMF5,data/P3481_LUCA-TCRDMF5/02_umi/per_sample_metrics.tsv,02 UMI consensus
GFB-64257,DMF5CDR3bGIG012xpositive,02_umi_consensus,reads_in_singletons,598917,DMF5,P3481_LUCA-TCRDMF5,data/P3481_LUCA-TCRDMF5/02_umi/per_sample_metrics.tsv,02 UMI consensus
GFB-64257,DMF5CDR3bGIG012xpositive,02_umi_consensus,umis_total,1347604,DMF5,P3481_LUCA-TCRDMF5,data/P3481_LUCA-TCRDMF5/02_umi/per_sample_metrics.tsv,02 UMI consensus
GFB-64257,DMF5CDR3bGIG012xpositive,02_umi_consensus,umis_consensus,748687,DMF5,P3481_LUCA-TCRDMF5,data/P3481_LUCA-TCRDMF5/02_umi/per_sample_metrics.tsv,02 UMI consensus
GFB-64257,DMF5CDR3bGIG012xpositive,02_umi_consensus,umis_singleton,598917,DMF5,P3481_LUCA-TCRDMF5,data/P3481_LUCA-TCRDMF5/02_umi/per_sample_metrics.tsv,02 UMI consensus
GFB-64260,DMF5CDR3bGIG052xpositive,02_umi_consensus,reads_in,11193196,DMF5,P3481_LUCA-TCRDMF5,data/P3481_LUCA-TCRDMF5/02_umi/per_sample_metrics.tsv,02 UMI consensus
GFB-64260,DMF5CDR3bGIG052xpositive,02_umi_consensus,reads_lost_too_short,0,DMF5,P3481_LUCA-TCRDMF5,data/P3481_LUCA-TCRDMF5/02_umi/per_sample_metrics.tsv,02 UMI consensus
GFB-64260,DMF5CDR3bGIG052xpositive,02_umi_consensus,reads_lost_no_anchor,2477958,DMF5,P3481_LUCA-TCRDMF5,data/P3481_LUCA-TCRDMF5/02_umi/per_sample_metrics.tsv,02 UMI consensus
GFB-64260,DMF5CDR3bGIG052xpositive,02_umi_consensus,reads_lost_anchor_wrong_pos,31810,DMF5,P3481_LUCA-TCRDMF5,data/P3481_LUCA-TCRDMF5/02_umi/per_sample_metrics.tsv,02 UMI consensus
GFB-64260,DMF5CDR3bGIG052xpositive,02_umi_consensus,reads_lost_empty_insert,0,DMF5,P3481_LUCA-TCRDMF5,data/P3481_LUCA-TCRDMF5/02_umi/per_sample_metrics.tsv,02 UMI consensus
GFB-64260,DMF5CDR3bGIG052xpositive,02_umi_consensus,reads_in_consensus,8100776,DMF5,P3481_LUCA-TCRDMF5,data/P3481_LUCA-TCRDMF5/02_umi/per_sample_metrics.tsv,02 UMI consensus
GFB-64260,DMF5CDR3bGIG052xpositive,02_umi_consensus,reads_in_singletons,582652,DMF5,P3481_LUCA-TCRDMF5,data/P3481_LUCA-TCRDMF5/02_umi/per_sample_metrics.tsv,02 UMI consensus
GFB-64260,DMF5CDR3bGIG052xpositive,02_umi_consensus,umis_total,1286502,DMF5,P3481_LUCA-TCRDMF5,data/P3481_LUCA-TCRDMF5/02_umi/per_sample_metrics.tsv,02 UMI consensus
GFB-64260,DMF5CDR3bGIG052xpositive,02_umi_consensus,umis_consensus,703850,DMF5,P3481_LUCA-TCRDMF5,data/P3481_LUCA-TCRDMF5/02_umi/per_sample_metrics.tsv,02 UMI consensus
GFB-64260,DMF5CDR3bGIG052xpositive,02_umi_consensus,umis_singleton,582652,DMF5,P3481_LUCA-TCRDMF5,data/P3481_LUCA-TCRDMF5/02_umi/per_sample_metrics.tsv,02 UMI consensus
GFB-64263,DMF5CDR3borilib,02_umi_consensus,reads_in,23446648,DMF5,P3481_LUCA-TCRDMF5,data/P3481_LUCA-TCRDMF5/02_umi/per_sample_metrics.tsv,02 UMI consensus
GFB-64263,DMF5CDR3borilib,02_umi_consensus,reads_lost_too_short,0,DMF5,P3481_LUCA-TCRDMF5,data/P3481_LUCA-TCRDMF5/02_umi/per_sample_metrics.tsv,02 UMI consensus
GFB-64263,DMF5CDR3borilib,02_umi_consensus,reads_lost_no_anchor,10708880,DMF5,P3481_LUCA-TCRDMF5,data/P3481_LUCA-TCRDMF5/02_umi/per_sample_metrics.tsv,02 UMI consensus
GFB-64263,DMF5CDR3borilib,02_umi_consensus,reads_lost_anchor_wrong_pos,154245,DMF5,P3481_LUCA-TCRDMF5,data/P3481_LUCA-TCRDMF5/02_umi/per_sample_metrics.tsv,02 UMI consensus
GFB-64263,DMF5CDR3borilib,02_umi_consensus,reads_lost_empty_insert,0,DMF5,P3481_LUCA-TCRDMF5,data/P3481_LUCA-TCRDMF5/02_umi/per_sample_metrics.tsv,02 UMI consensus
GFB-64263,DMF5CDR3borilib,02_umi_consensus,reads_in_consensus,10509593,DMF5,P3481_LUCA-TCRDMF5,data/P3481_LUCA-TCRDMF5/02_umi/per_sample_metrics.tsv,02 UMI consensus
GFB-64263,DMF5CDR3borilib,02_umi_consensus,reads_in_singletons,2073930,DMF5,P3481_LUCA-TCRDMF5,data/P3481_LUCA-TCRDMF5/02_umi/per_sample_metrics.tsv,02 UMI consensus
GFB-64263,DMF5CDR3borilib,02_umi_consensus,umis_total,4451155,DMF5,P3481_LUCA-TCRDMF5,data/P3481_LUCA-TCRDMF5/02_umi/per_sample_metrics.tsv,02 UMI consensus
GFB-64263,DMF5CDR3borilib,02_umi_consensus,umis_consensus,2377225,DMF5,P3481_LUCA-TCRDMF5,data/P3481_LUCA-TCRDMF5/02_umi/per_sample_metrics.tsv,02 UMI consensus
GFB-64263,DMF5CDR3borilib,02_umi_consensus,umis_singleton,2073930,DMF5,P3481_LUCA-TCRDMF5,data/P3481_LUCA-TCRDMF5/02_umi/per_sample_metrics.tsv,02 UMI consensus
GFB-64247,DMF5CDR3bGIG042xnegative,02_umi_consensus,reads_in,25382490,DMF5,P3481_LUCA-TCRDMF5,data/P3481_LUCA-TCRDMF5/02_umi/per_sample_metrics.tsv,02 UMI consensus
GFB-64247,DMF5CDR3bGIG042xnegative,02_umi_consensus,reads_lost_too_short,0,DMF5,P3481_LUCA-TCRDMF5,data/P3481_LUCA-TCRDMF5/02_umi/per_sample_metrics.tsv,02 UMI consensus
GFB-64247,DMF5CDR3bGIG042xnegative,02_umi_consensus,reads_lost_no_anchor,4623638,DMF5,P3481_LUCA-TCRDMF5,data/P3481_LUCA-TCRDMF5/02_umi/per_sample_metrics.tsv,02 UMI consensus
GFB-64247,DMF5CDR3bGIG042xnegative,02_umi_consensus,reads_lost_anchor_wrong_pos,69209,DMF5,P3481_LUCA-TCRDMF5,data/P3481_LUCA-TCRDMF5/02_umi/per_sample_metrics.tsv,02 UMI consensus
GFB-64247,DMF5CDR3bGIG042xnegative,02_umi_consensus,reads_lost_empty_insert,0,DMF5,P3481_LUCA-TCRDMF5,data/P3481_LUCA-TCRDMF5/02_umi/per_sample_metrics.tsv,02 UMI consensus
GFB-64247,DMF5CDR3bGIG042xnegative,02_umi_consensus,reads_in_consensus,19748903,DMF5,P3481_LUCA-TCRDMF5,data/P3481_LUCA-TCRDMF5/02_umi/per_sample_metrics.tsv,02 UMI consensus
GFB-64247,DMF5CDR3bGIG042xnegative,02_umi_consensus,reads_in_singletons,940740,DMF5,P3481_LUCA-TCRDMF5,data/P3481_LUCA-TCRDMF5/02_umi/per_sample_metrics.tsv,02 UMI consensus
GFB-64247,DMF5CDR3bGIG042xnegative,02_umi_consensus,umis_total,2255167,DMF5,P3481_LUCA-TCRDMF5,data/P3481_LUCA-TCRDMF5/02_umi/per_sample_metrics.tsv,02 UMI consensus
GFB-64247,DMF5CDR3bGIG042xnegative,02_umi_consensus,umis_consensus,1314427,DMF5,P3481_LUCA-TCRDMF5,data/P3481_LUCA-TCRDMF5/02_umi/per_sample_metrics.tsv,02 UMI consensus
GFB-64247,DMF5CDR3bGIG042xnegative,02_umi_consensus,umis_singleton,940740,DMF5,P3481_LUCA-TCRDMF5,data/P3481_LUCA-TCRDMF5/02_umi/per_sample_metrics.tsv,02 UMI consensus
GFB-64262,DMF5CDR3bDRG042xpositive,02_umi_consensus,reads_in,29770727,DMF5,P3481_LUCA-TCRDMF5,data/P3481_LUCA-TCRDMF5/02_umi/per_sample_metrics.tsv,02 UMI consensus
GFB-64262,DMF5CDR3bDRG042xpositive,02_umi_consensus,reads_lost_too_short,0,DMF5,P3481_LUCA-TCRDMF5,data/P3481_LUCA-TCRDMF5/02_umi/per_sample_metrics.tsv,02 UMI consensus
GFB-64262,DMF5CDR3bDRG042xpositive,02_umi_consensus,reads_lost_no_anchor,6454378,DMF5,P3481_LUCA-TCRDMF5,data/P3481_LUCA-TCRDMF5/02_umi/per_sample_metrics.tsv,02 UMI consensus
GFB-64262,DMF5CDR3bDRG042xpositive,02_umi_consensus,reads_lost_anchor_wrong_pos,83524,DMF5,P3481_LUCA-TCRDMF5,data/P3481_LUCA-TCRDMF5/02_umi/per_sample_metrics.tsv,02 UMI consensus
GFB-64262,DMF5CDR3bDRG042xpositive,02_umi_consensus,reads_lost_empty_insert,0,DMF5,P3481_LUCA-TCRDMF5,data/P3481_LUCA-TCRDMF5/02_umi/per_sample_metrics.tsv,02 UMI consensus
GFB-64262,DMF5CDR3bDRG042xpositive,02_umi_consensus,reads_in_consensus,22481851,DMF5,P3481_LUCA-TCRDMF5,data/P3481_LUCA-TCRDMF5/02_umi/per_sample_metrics.tsv,02 UMI consensus
GFB-64262,DMF5CDR3bDRG042xpositive,02_umi_consensus,reads_in_singletons,750974,DMF5,P3481_LUCA-TCRDMF5,data/P3481_LUCA-TCRDMF5/02_umi/per_sample_metrics.tsv,02 UMI consensus
GFB-64262,DMF5CDR3bDRG042xpositive,02_umi_consensus,umis_total,1838536,DMF5,P3481_LUCA-TCRDMF5,data/P3481_LUCA-TCRDMF5/02_umi/per_sample_metrics.tsv,02 UMI consensus
GFB-64262,DMF5CDR3bDRG042xpositive,02_umi_consensus,umis_consensus,1087562,DMF5,P3481_LUCA-TCRDMF5,data/P3481_LUCA-TCRDMF5/02_umi/per_sample_metrics.tsv,02 UMI consensus
GFB-64262,DMF5CDR3bDRG042xpositive,02_umi_consensus,umis_singleton,750974,DMF5,P3481_LUCA-TCRDMF5,data/P3481_LUCA-TCRDMF5/02_umi/per_sample_metrics.tsv,02 UMI consensus
GFB-64245,DMF5CDR3bGIG012xnegative,02a_singleton_rescue,reads_in,698409,DMF5,P3481_LUCA-TCRDMF5,data/P3481_LUCA-TCRDMF5/02_umi/per_sample_metrics.tsv,02a singleton rescue
GFB-64245,DMF5CDR3bGIG012xnegative,02a_singleton_rescue,reads_lost_no_anchor,428641,DMF5,P3481_LUCA-TCRDMF5,data/P3481_LUCA-TCRDMF5/02_umi/per_sample_metrics.tsv,02a singleton rescue
GFB-64245,DMF5CDR3bGIG012xnegative,02a_singleton_rescue,reads_lost_too_short,482,DMF5,P3481_LUCA-TCRDMF5,data/P3481_LUCA-TCRDMF5/02_umi/per_sample_metrics.tsv,02a singleton rescue
GFB-64245,DMF5CDR3bGIG012xnegative,02a_singleton_rescue,reads_extracted,269286,DMF5,P3481_LUCA-TCRDMF5,data/P3481_LUCA-TCRDMF5/02_umi/per_sample_metrics.tsv,02a singleton rescue
GFB-64245,DMF5CDR3bGIG012xnegative,02a_singleton_rescue,variants_total,143837,DMF5,P3481_LUCA-TCRDMF5,data/P3481_LUCA-TCRDMF5/02_umi/per_sample_metrics.tsv,02a singleton rescue
GFB-64245,DMF5CDR3bGIG012xnegative,02a_singleton_rescue,variants_kept,1881,DMF5,P3481_LUCA-TCRDMF5,data/P3481_LUCA-TCRDMF5/02_umi/per_sample_metrics.tsv,02a singleton rescue
GFB-64245,DMF5CDR3bGIG012xnegative,02a_singleton_rescue,reads_rescued,28817,DMF5,P3481_LUCA-TCRDMF5,data/P3481_LUCA-TCRDMF5/02_umi/per_sample_metrics.tsv,02a singleton rescue
GFB-64246,DMF5CDR3bGIG032xnegative,02a_singleton_rescue,reads_in,572045,DMF5,P3481_LUCA-TCRDMF5,data/P3481_LUCA-TCRDMF5/02_umi/per_sample_metrics.tsv,02a singleton rescue
GFB-64246,DMF5CDR3bGIG032xnegative,02a_singleton_rescue,reads_lost_no_anchor,348152,DMF5,P3481_LUCA-TCRDMF5,data/P3481_LUCA-TCRDMF5/02_umi/per_sample_metrics.tsv,02a singleton rescue
GFB-64246,DMF5CDR3bGIG032xnegative,02a_singleton_rescue,reads_lost_too_short,397,DMF5,P3481_LUCA-TCRDMF5,data/P3481_LUCA-TCRDMF5/02_umi/per_sample_metrics.tsv,02a singleton rescue
GFB-64246,DMF5CDR3bGIG032xnegative,02a_singleton_rescue,reads_extracted,223496,DMF5,P3481_LUCA-TCRDMF5,data/P3481_LUCA-TCRDMF5/02_umi/per_sample_metrics.tsv,02a singleton rescue
GFB-64246,DMF5CDR3bGIG032xnegative,02a_singleton_rescue,variants_total,110682,DMF5,P3481_LUCA-TCRDMF5,data/P3481_LUCA-TCRDMF5/02_umi/per_sample_metrics.tsv,02a singleton rescue
GFB-64246,DMF5CDR3bGIG032xnegative,02a_singleton_rescue,variants_kept,1355,DMF5,P3481_LUCA-TCRDMF5,data/P3481_LUCA-TCRDMF5/02_umi/per_sample_metrics.tsv,02a singleton rescue
GFB-64246,DMF5CDR3bGIG032xnegative,02a_singleton_rescue,reads_rescued,20790,DMF5,P3481_LUCA-TCRDMF5,data/P3481_LUCA-TCRDMF5/02_umi/per_sample_metrics.tsv,02a singleton rescue
GFB-64247,DMF5CDR3bGIG042xnegative,02a_singleton_rescue,reads_in,940740,DMF5,P3481_LUCA-TCRDMF5,data/P3481_LUCA-TCRDMF5/02_umi/per_sample_metrics.tsv,02a singleton rescue
GFB-64247,DMF5CDR3bGIG042xnegative,02a_singleton_rescue,reads_lost_no_anchor,518787,DMF5,P3481_LUCA-TCRDMF5,data/P3481_LUCA-TCRDMF5/02_umi/per_sample_metrics.tsv,02a singleton rescue
GFB-64247,DMF5CDR3bGIG042xnegative,02a_singleton_rescue,reads_lost_too_short,610,DMF5,P3481_LUCA-TCRDMF5,data/P3481_LUCA-TCRDMF5/02_umi/per_sample_metrics.tsv,02a singleton rescue
GFB-64247,DMF5CDR3bGIG042xnegative,02a_singleton_rescue,reads_extracted,421343,DMF5,P3481_LUCA-TCRDMF5,data/P3481_LUCA-TCRDMF5/02_umi/per_sample_metrics.tsv,02a singleton rescue
GFB-64247,DMF5CDR3bGIG042xnegative,02a_singleton_rescue,variants_total,185102,DMF5,P3481_LUCA-TCRDMF5,data/P3481_LUCA-TCRDMF5/02_umi/per_sample_metrics.tsv,02a singleton rescue
GFB-64247,DMF5CDR3bGIG042xnegative,02a_singleton_rescue,variants_kept,5996,DMF5,P3481_LUCA-TCRDMF5,data/P3481_LUCA-TCRDMF5/02_umi/per_sample_metrics.tsv,02a singleton rescue
GFB-64247,DMF5CDR3bGIG042xnegative,02a_singleton_rescue,reads_rescued,97471,DMF5,P3481_LUCA-TCRDMF5,data/P3481_LUCA-TCRDMF5/02_umi/per_sample_metrics.tsv,02a singleton rescue
GFB-64248,DMF5CDR3bGIG052xnegative,02a_singleton_rescue,reads_in,623259,DMF5,P3481_LUCA-TCRDMF5,data/P3481_LUCA-TCRDMF5/02_umi/per_sample_metrics.tsv,02a singleton rescue
GFB-64248,DMF5CDR3bGIG052xnegative,02a_singleton_rescue,reads_lost_no_anchor,379845,DMF5,P3481_LUCA-TCRDMF5,data/P3481_LUCA-TCRDMF5/02_umi/per_sample_metrics.tsv,02a singleton rescue
GFB-64248,DMF5CDR3bGIG052xnegative,02a_singleton_rescue,reads_lost_too_short,354,DMF5,P3481_LUCA-TCRDMF5,data/P3481_LUCA-TCRDMF5/02_umi/per_sample_metrics.tsv,02a singleton rescue
GFB-64248,DMF5CDR3bGIG052xnegative,02a_singleton_rescue,reads_extracted,243060,DMF5,P3481_LUCA-TCRDMF5,data/P3481_LUCA-TCRDMF5/02_umi/per_sample_metrics.tsv,02a singleton rescue
GFB-64248,DMF5CDR3bGIG052xnegative,02a_singleton_rescue,variants_total,120569,DMF5,P3481_LUCA-TCRDMF5,data/P3481_LUCA-TCRDMF5/02_umi/per_sample_metrics.tsv,02a singleton rescue
GFB-64248,DMF5CDR3bGIG052xnegative,02a_singleton_rescue,variants_kept,1757,DMF5,P3481_LUCA-TCRDMF5,data/P3481_LUCA-TCRDMF5/02_umi/per_sample_metrics.tsv,02a singleton rescue
GFB-64248,DMF5CDR3bGIG052xnegative,02a_singleton_rescue,reads_rescued,27836,DMF5,P3481_LUCA-TCRDMF5,data/P3481_LUCA-TCRDMF5/02_umi/per_sample_metrics.tsv,02a singleton rescue
GFB-64249,DMF5CDR3bDRG012xnegative,02a_singleton_rescue,reads_in,527341,DMF5,P3481_LUCA-TCRDMF5,data/P3481_LUCA-TCRDMF5/02_umi/per_sample_metrics.tsv,02a singleton rescue
GFB-64249,DMF5CDR3bDRG012xnegative,02a_singleton_rescue,reads_lost_no_anchor,275243,DMF5,P3481_LUCA-TCRDMF5,data/P3481_LUCA-TCRDMF5/02_umi/per_sample_metrics.tsv,02a singleton rescue
GFB-64249,DMF5CDR3bDRG012xnegative,02a_singleton_rescue,reads_lost_too_short,429,DMF5,P3481_LUCA-TCRDMF5,data/P3481_LUCA-TCRDMF5/02_umi/per_sample_metrics.tsv,02a singleton rescue
GFB-64249,DMF5CDR3bDRG012xnegative,02a_singleton_rescue,reads_extracted,251669,DMF5,P3481_LUCA-TCRDMF5,data/P3481_LUCA-TCRDMF5/02_umi/per_sample_metrics.tsv,02a singleton rescue
GFB-64249,DMF5CDR3bDRG012xnegative,02a_singleton_rescue,variants_total,116534,DMF5,P3481_LUCA-TCRDMF5,data/P3481_LUCA-TCRDMF5/02_umi/per_sample_metrics.tsv,02a singleton rescue
GFB-64249,DMF5CDR3bDRG012xnegative,02a_singleton_rescue,variants_kept,2219,DMF5,P3481_LUCA-TCRDMF5,data/P3481_LUCA-TCRDMF5/02_umi/per_sample_metrics.tsv,02a singleton rescue
GFB-64249,DMF5CDR3bDRG012xnegative,02a_singleton_rescue,reads_rescued,34569,DMF5,P3481_LUCA-TCRDMF5,data/P3481_LUCA-TCRDMF5/02_umi/per_sample_metrics.tsv,02a singleton rescue
GFB-64250,DMF5CDR3bDRG042xnegative,02a_singleton_rescue,reads_in,488062,DMF5,P3481_LUCA-TCRDMF5,data/P3481_LUCA-TCRDMF5/02_umi/per_sample_metrics.tsv,02a singleton rescue
GFB-64250,DMF5CDR3bDRG042xnegative,02a_singleton_rescue,reads_lost_no_anchor,317681,DMF5,P3481_LUCA-TCRDMF5,data/P3481_LUCA-TCRDMF5/02_umi/per_sample_metrics.tsv,02a singleton rescue
GFB-64250,DMF5CDR3bDRG042xnegative,02a_singleton_rescue,reads_lost_too_short,260,DMF5,P3481_LUCA-TCRDMF5,data/P3481_LUCA-TCRDMF5/02_umi/per_sample_metrics.tsv,02a singleton rescue
GFB-64250,DMF5CDR3bDRG042xnegative,02a_singleton_rescue,reads_extracted,170121,DMF5,P3481_LUCA-TCRDMF5,data/P3481_LUCA-TCRDMF5/02_umi/per_sample_metrics.tsv,02a singleton rescue
GFB-64250,DMF5CDR3bDRG042xnegative,02a_singleton_rescue,variants_total,92254,DMF5,P3481_LUCA-TCRDMF5,data/P3481_LUCA-TCRDMF5/02_umi/per_sample_metrics.tsv,02a singleton rescue
GFB-64250,DMF5CDR3bDRG042xnegative,02a_singleton_rescue,variants_kept,702,DMF5,P3481_LUCA-TCRDMF5,data/P3481_LUCA-TCRDMF5/02_umi/per_sample_metrics.tsv,02a singleton rescue
GFB-64250,DMF5CDR3bDRG042xnegative,02a_singleton_rescue,reads_rescued,11481,DMF5,P3481_LUCA-TCRDMF5,data/P3481_LUCA-TCRDMF5/02_umi/per_sample_metrics.tsv,02a singleton rescue
GFB-64251,DMF5CDR3bGIG011xpositive,02a_singleton_rescue,reads_in,414786,DMF5,P3481_LUCA-TCRDMF5,data/P3481_LUCA-TCRDMF5/02_umi/per_sample_metrics.tsv,02a singleton rescue
GFB-64251,DMF5CDR3bGIG011xpositive,02a_singleton_rescue,reads_lost_no_anchor,224606,DMF5,P3481_LUCA-TCRDMF5,data/P3481_LUCA-TCRDMF5/02_umi/per_sample_metrics.tsv,02a singleton rescue
GFB-64251,DMF5CDR3bGIG011xpositive,02a_singleton_rescue,reads_lost_too_short,323,DMF5,P3481_LUCA-TCRDMF5,data/P3481_LUCA-TCRDMF5/02_umi/per_sample_metrics.tsv,02a singleton rescue
GFB-64251,DMF5CDR3bGIG011xpositive,02a_singleton_rescue,reads_extracted,189857,DMF5,P3481_LUCA-TCRDMF5,data/P3481_LUCA-TCRDMF5/02_umi/per_sample_metrics.tsv,02a singleton rescue
GFB-64251,DMF5CDR3bGIG011xpositive,02a_singleton_rescue,variants_total,58011,DMF5,P3481_LUCA-TCRDMF5,data/P3481_LUCA-TCRDMF5/02_umi/per_sample_metrics.tsv,02a singleton rescue
GFB-64251,DMF5CDR3bGIG011xpositive,02a_singleton_rescue,variants_kept,3552,DMF5,P3481_LUCA-TCRDMF5,data/P3481_LUCA-TCRDMF5/02_umi/per_sample_metrics.tsv,02a singleton rescue
GFB-64251,DMF5CDR3bGIG011xpositive,02a_singleton_rescue,reads_rescued,65800,DMF5,P3481_LUCA-TCRDMF5,data/P3481_LUCA-TCRDMF5/02_umi/per_sample_metrics.tsv,02a singleton rescue
GFB-64252,DMF5CDR3bGIG031xpositive,02a_singleton_rescue,reads_in,406866,DMF5,P3481_LUCA-TCRDMF5,data/P3481_LUCA-TCRDMF5/02_umi/per_sample_metrics.tsv,02a singleton rescue
GFB-64252,DMF5CDR3bGIG031xpositive,02a_singleton_rescue,reads_lost_no_anchor,228109,DMF5,P3481_LUCA-TCRDMF5,data/P3481_LUCA-TCRDMF5/02_umi/per_sample_metrics.tsv,02a singleton rescue
GFB-64252,DMF5CDR3bGIG031xpositive,02a_singleton_rescue,reads_lost_too_short,392,DMF5,P3481_LUCA-TCRDMF5,data/P3481_LUCA-TCRDMF5/02_umi/per_sample_metrics.tsv,02a singleton rescue
GFB-64252,DMF5CDR3bGIG031xpositive,02a_singleton_rescue,reads_extracted,178365,DMF5,P3481_LUCA-TCRDMF5,data/P3481_LUCA-TCRDMF5/02_umi/per_sample_metrics.tsv,02a singleton rescue
GFB-64252,DMF5CDR3bGIG031xpositive,02a_singleton_rescue,variants_total,56444,DMF5,P3481_LUCA-TCRDMF5,data/P3481_LUCA-TCRDMF5/02_umi/per_sample_metrics.tsv,02a singleton rescue
GFB-64252,DMF5CDR3bGIG031xpositive,02a_singleton_rescue,variants_kept,3700,DMF5,P3481_LUCA-TCRDMF5,data/P3481_LUCA-TCRDMF5/02_umi/per_sample_metrics.tsv,02a singleton rescue
GFB-64252,DMF5CDR3bGIG031xpositive,02a_singleton_rescue,reads_rescued,66637,DMF5,P3481_LUCA-TCRDMF5,data/P3481_LUCA-TCRDMF5/02_umi/per_sample_metrics.tsv,02a singleton rescue
GFB-64253,DMF5CDR3bGIG041xpositive,02a_singleton_rescue,reads_in,128904,DMF5,P3481_LUCA-TCRDMF5,data/P3481_LUCA-TCRDMF5/02_umi/per_sample_metrics.tsv,02a singleton rescue
GFB-64253,DMF5CDR3bGIG041xpositive,02a_singleton_rescue,reads_lost_no_anchor,62147,DMF5,P3481_LUCA-TCRDMF5,data/P3481_LUCA-TCRDMF5/02_umi/per_sample_metrics.tsv,02a singleton rescue
GFB-64253,DMF5CDR3bGIG041xpositive,02a_singleton_rescue,reads_lost_too_short,71,DMF5,P3481_LUCA-TCRDMF5,data/P3481_LUCA-TCRDMF5/02_umi/per_sample_metrics.tsv,02a singleton rescue
GFB-64253,DMF5CDR3bGIG041xpositive,02a_singleton_rescue,reads_extracted,66686,DMF5,P3481_LUCA-TCRDMF5,data/P3481_LUCA-TCRDMF5/02_umi/per_sample_metrics.tsv,02a singleton rescue
GFB-64253,DMF5CDR3bGIG041xpositive,02a_singleton_rescue,variants_total,26444,DMF5,P3481_LUCA-TCRDMF5,data/P3481_LUCA-TCRDMF5/02_umi/per_sample_metrics.tsv,02a singleton rescue
GFB-64253,DMF5CDR3bGIG041xpositive,02a_singleton_rescue,variants_kept,569,DMF5,P3481_LUCA-TCRDMF5,data/P3481_LUCA-TCRDMF5/02_umi/per_sample_metrics.tsv,02a singleton rescue
GFB-64253,DMF5CDR3bGIG041xpositive,02a_singleton_rescue,reads_rescued,11385,DMF5,P3481_LUCA-TCRDMF5,data/P3481_LUCA-TCRDMF5/02_umi/per_sample_metrics.tsv,02a singleton rescue
GFB-64254,DMF5CDR3bGIG051xpositive,02a_singleton_rescue,reads_in,553087,DMF5,P3481_LUCA-TCRDMF5,data/P3481_LUCA-TCRDMF5/02_umi/per_sample_metrics.tsv,02a singleton rescue
GFB-64254,DMF5CDR3bGIG051xpositive,02a_singleton_rescue,reads_lost_no_anchor,330943,DMF5,P3481_LUCA-TCRDMF5,data/P3481_LUCA-TCRDMF5/02_umi/per_sample_metrics.tsv,02a singleton rescue
GFB-64254,DMF5CDR3bGIG051xpositive,02a_singleton_rescue,reads_lost_too_short,331,DMF5,P3481_LUCA-TCRDMF5,data/P3481_LUCA-TCRDMF5/02_umi/per_sample_metrics.tsv,02a singleton rescue
GFB-64254,DMF5CDR3bGIG051xpositive,02a_singleton_rescue,reads_extracted,221813,DMF5,P3481_LUCA-TCRDMF5,data/P3481_LUCA-TCRDMF5/02_umi/per_sample_metrics.tsv,02a singleton rescue
GFB-64254,DMF5CDR3bGIG051xpositive,02a_singleton_rescue,variants_total,80831,DMF5,P3481_LUCA-TCRDMF5,data/P3481_LUCA-TCRDMF5/02_umi/per_sample_metrics.tsv,02a singleton rescue
GFB-64254,DMF5CDR3bGIG051xpositive,02a_singleton_rescue,variants_kept,3825,DMF5,P3481_LUCA-TCRDMF5,data/P3481_LUCA-TCRDMF5/02_umi/per_sample_metrics.tsv,02a singleton rescue
GFB-64254,DMF5CDR3bGIG051xpositive,02a_singleton_rescue,reads_rescued,72402,DMF5,P3481_LUCA-TCRDMF5,data/P3481_LUCA-TCRDMF5/02_umi/per_sample_metrics.tsv,02a singleton rescue
GFB-64255,DMF5CDR3bDRG011xpositive,02a_singleton_rescue,reads_in,380755,DMF5,P3481_LUCA-TCRDMF5,data/P3481_LUCA-TCRDMF5/02_umi/per_sample_metrics.tsv,02a singleton rescue
GFB-64255,DMF5CDR3bDRG011xpositive,02a_singleton_rescue,reads_lost_no_anchor,198812,DMF5,P3481_LUCA-TCRDMF5,data/P3481_LUCA-TCRDMF5/02_umi/per_sample_metrics.tsv,02a singleton rescue
GFB-64255,DMF5CDR3bDRG011xpositive,02a_singleton_rescue,reads_lost_too_short,280,DMF5,P3481_LUCA-TCRDMF5,data/P3481_LUCA-TCRDMF5/02_umi/per_sample_metrics.tsv,02a singleton rescue
GFB-64255,DMF5CDR3bDRG011xpositive,02a_singleton_rescue,reads_extracted,181663,DMF5,P3481_LUCA-TCRDMF5,data/P3481_LUCA-TCRDMF5/02_umi/per_sample_metrics.tsv,02a singleton rescue
GFB-64255,DMF5CDR3bDRG011xpositive,02a_singleton_rescue,variants_total,43472,DMF5,P3481_LUCA-TCRDMF5,data/P3481_LUCA-TCRDMF5/02_umi/per_sample_metrics.tsv,02a singleton rescue
GFB-64255,DMF5CDR3bDRG011xpositive,02a_singleton_rescue,variants_kept,4234,DMF5,P3481_LUCA-TCRDMF5,data/P3481_LUCA-TCRDMF5/02_umi/per_sample_metrics.tsv,02a singleton rescue
GFB-64255,DMF5CDR3bDRG011xpositive,02a_singleton_rescue,reads_rescued,78152,DMF5,P3481_LUCA-TCRDMF5,data/P3481_LUCA-TCRDMF5/02_umi/per_sample_metrics.tsv,02a singleton rescue
GFB-64256,DMF5CDR3bDRG041xpositive,02a_singleton_rescue,reads_in,462906,DMF5,P3481_LUCA-TCRDMF5,data/P3481_LUCA-TCRDMF5/02_umi/per_sample_metrics.tsv,02a singleton rescue
GFB-64256,DMF5CDR3bDRG041xpositive,02a_singleton_rescue,reads_lost_no_anchor,277554,DMF5,P3481_LUCA-TCRDMF5,data/P3481_LUCA-TCRDMF5/02_umi/per_sample_metrics.tsv,02a singleton rescue
GFB-64256,DMF5CDR3bDRG041xpositive,02a_singleton_rescue,reads_lost_too_short,334,DMF5,P3481_LUCA-TCRDMF5,data/P3481_LUCA-TCRDMF5/02_umi/per_sample_metrics.tsv,02a singleton rescue
GFB-64256,DMF5CDR3bDRG041xpositive,02a_singleton_rescue,reads_extracted,185018,DMF5,P3481_LUCA-TCRDMF5,data/P3481_LUCA-TCRDMF5/02_umi/per_sample_metrics.tsv,02a singleton rescue
GFB-64256,DMF5CDR3bDRG041xpositive,02a_singleton_rescue,variants_total,62445,DMF5,P3481_LUCA-TCRDMF5,data/P3481_LUCA-TCRDMF5/02_umi/per_sample_metrics.tsv,02a singleton rescue
GFB-64256,DMF5CDR3bDRG041xpositive,02a_singleton_rescue,variants_kept,3072,DMF5,P3481_LUCA-TCRDMF5,data/P3481_LUCA-TCRDMF5/02_umi/per_sample_metrics.tsv,02a singleton rescue
GFB-64256,DMF5CDR3bDRG041xpositive,02a_singleton_rescue,reads_rescued,55899,DMF5,P3481_LUCA-TCRDMF5,data/P3481_LUCA-TCRDMF5/02_umi/per_sample_metrics.tsv,02a singleton rescue
GFB-64257,DMF5CDR3bGIG012xpositive,02a_singleton_rescue,reads_in,598917,DMF5,P3481_LUCA-TCRDMF5,data/P3481_LUCA-TCRDMF5/02_umi/per_sample_metrics.tsv,02a singleton rescue
GFB-64257,DMF5CDR3bGIG012xpositive,02a_singleton_rescue,reads_lost_no_anchor,353745,DMF5,P3481_LUCA-TCRDMF5,data/P3481_LUCA-TCRDMF5/02_umi/per_sample_metrics.tsv,02a singleton rescue
GFB-64257,DMF5CDR3bGIG012xpositive,02a_singleton_rescue,reads_lost_too_short,260,DMF5,P3481_LUCA-TCRDMF5,data/P3481_LUCA-TCRDMF5/02_umi/per_sample_metrics.tsv,02a singleton rescue
GFB-64257,DMF5CDR3bGIG012xpositive,02a_singleton_rescue,reads_extracted,244912,DMF5,P3481_LUCA-TCRDMF5,data/P3481_LUCA-TCRDMF5/02_umi/per_sample_metrics.tsv,02a singleton rescue
GFB-64257,DMF5CDR3bGIG012xpositive,02a_singleton_rescue,variants_total,70274,DMF5,P3481_LUCA-TCRDMF5,data/P3481_LUCA-TCRDMF5/02_umi/per_sample_metrics.tsv,02a singleton rescue
GFB-64257,DMF5CDR3bGIG012xpositive,02a_singleton_rescue,variants_kept,5580,DMF5,P3481_LUCA-TCRDMF5,data/P3481_LUCA-TCRDMF5/02_umi/per_sample_metrics.tsv,02a singleton rescue
GFB-64257,DMF5CDR3bGIG012xpositive,02a_singleton_rescue,reads_rescued,135003,DMF5,P3481_LUCA-TCRDMF5,data/P3481_LUCA-TCRDMF5/02_umi/per_sample_metrics.tsv,02a singleton rescue
GFB-64258,DMF5CDR3bGIG032xpositive,02a_singleton_rescue,reads_in,337196,DMF5,P3481_LUCA-TCRDMF5,data/P3481_LUCA-TCRDMF5/02_umi/per_sample_metrics.tsv,02a singleton rescue
GFB-64258,DMF5CDR3bGIG032xpositive,02a_singleton_rescue,reads_lost_no_anchor,187778,DMF5,P3481_LUCA-TCRDMF5,data/P3481_LUCA-TCRDMF5/02_umi/per_sample_metrics.tsv,02a singleton rescue
GFB-64258,DMF5CDR3bGIG032xpositive,02a_singleton_rescue,reads_lost_too_short,248,DMF5,P3481_LUCA-TCRDMF5,data/P3481_LUCA-TCRDMF5/02_umi/per_sample_metrics.tsv,02a singleton rescue
GFB-64258,DMF5CDR3bGIG032xpositive,02a_singleton_rescue,reads_extracted,149170,DMF5,P3481_LUCA-TCRDMF5,data/P3481_LUCA-TCRDMF5/02_umi/per_sample_metrics.tsv,02a singleton rescue
GFB-64258,DMF5CDR3bGIG032xpositive,02a_singleton_rescue,variants_total,27212,DMF5,P3481_LUCA-TCRDMF5,data/P3481_LUCA-TCRDMF5/02_umi/per_sample_metrics.tsv,02a singleton rescue
GFB-64258,DMF5CDR3bGIG032xpositive,02a_singleton_rescue,variants_kept,2851,DMF5,P3481_LUCA-TCRDMF5,data/P3481_LUCA-TCRDMF5/02_umi/per_sample_metrics.tsv,02a singleton rescue
GFB-64258,DMF5CDR3bGIG032xpositive,02a_singleton_rescue,reads_rescued,110874,DMF5,P3481_LUCA-TCRDMF5,data/P3481_LUCA-TCRDMF5/02_umi/per_sample_metrics.tsv,02a singleton rescue
GFB-64259,DMF5CDR3bGIG042xpositive,02a_singleton_rescue,reads_in,440513,DMF5,P3481_LUCA-TCRDMF5,data/P3481_LUCA-TCRDMF5/02_umi/per_sample_metrics.tsv,02a singleton rescue
GFB-64259,DMF5CDR3bGIG042xpositive,02a_singleton_rescue,reads_lost_no_anchor,249489,DMF5,P3481_LUCA-TCRDMF5,data/P3481_LUCA-TCRDMF5/02_umi/per_sample_metrics.tsv,02a singleton rescue
GFB-64259,DMF5CDR3bGIG042xpositive,02a_singleton_rescue,reads_lost_too_short,286,DMF5,P3481_LUCA-TCRDMF5,data/P3481_LUCA-TCRDMF5/02_umi/per_sample_metrics.tsv,02a singleton rescue
GFB-64259,DMF5CDR3bGIG042xpositive,02a_singleton_rescue,reads_extracted,190738,DMF5,P3481_LUCA-TCRDMF5,data/P3481_LUCA-TCRDMF5/02_umi/per_sample_metrics.tsv,02a singleton rescue
GFB-64259,DMF5CDR3bGIG042xpositive,02a_singleton_rescue,variants_total,50750,DMF5,P3481_LUCA-TCRDMF5,data/P3481_LUCA-TCRDMF5/02_umi/per_sample_metrics.tsv,02a singleton rescue
GFB-64259,DMF5CDR3bGIG042xpositive,02a_singleton_rescue,variants_kept,4408,DMF5,P3481_LUCA-TCRDMF5,data/P3481_LUCA-TCRDMF5/02_umi/per_sample_metrics.tsv,02a singleton rescue
GFB-64259,DMF5CDR3bGIG042xpositive,02a_singleton_rescue,reads_rescued,109012,DMF5,P3481_LUCA-TCRDMF5,data/P3481_LUCA-TCRDMF5/02_umi/per_sample_metrics.tsv,02a singleton rescue
GFB-64260,DMF5CDR3bGIG052xpositive,02a_singleton_rescue,reads_in,582652,DMF5,P3481_LUCA-TCRDMF5,data/P3481_LUCA-TCRDMF5/02_umi/per_sample_metrics.tsv,02a singleton rescue
GFB-64260,DMF5CDR3bGIG052xpositive,02a_singleton_rescue,reads_lost_no_anchor,344069,DMF5,P3481_LUCA-TCRDMF5,data/P3481_LUCA-TCRDMF5/02_umi/per_sample_metrics.tsv,02a singleton rescue
GFB-64260,DMF5CDR3bGIG052xpositive,02a_singleton_rescue,reads_lost_too_short,312,DMF5,P3481_LUCA-TCRDMF5,data/P3481_LUCA-TCRDMF5/02_umi/per_sample_metrics.tsv,02a singleton rescue
GFB-64260,DMF5CDR3bGIG052xpositive,02a_singleton_rescue,reads_extracted,238271,DMF5,P3481_LUCA-TCRDMF5,data/P3481_LUCA-TCRDMF5/02_umi/per_sample_metrics.tsv,02a singleton rescue
GFB-64260,DMF5CDR3bGIG052xpositive,02a_singleton_rescue,variants_total,65977,DMF5,P3481_LUCA-TCRDMF5,data/P3481_LUCA-TCRDMF5/02_umi/per_sample_metrics.tsv,02a singleton rescue
GFB-64260,DMF5CDR3bGIG052xpositive,02a_singleton_rescue,variants_kept,5332,DMF5,P3481_LUCA-TCRDMF5,data/P3481_LUCA-TCRDMF5/02_umi/per_sample_metrics.tsv,02a singleton rescue
GFB-64260,DMF5CDR3bGIG052xpositive,02a_singleton_rescue,reads_rescued,136901,DMF5,P3481_LUCA-TCRDMF5,data/P3481_LUCA-TCRDMF5/02_umi/per_sample_metrics.tsv,02a singleton rescue
GFB-64261,DMF5CDR3bDRG012xpositive,02a_singleton_rescue,reads_in,366284,DMF5,P3481_LUCA-TCRDMF5,data/P3481_LUCA-TCRDMF5/02_umi/per_sample_metrics.tsv,02a singleton rescue
GFB-64261,DMF5CDR3bDRG012xpositive,02a_singleton_rescue,reads_lost_no_anchor,218343,DMF5,P3481_LUCA-TCRDMF5,data/P3481_LUCA-TCRDMF5/02_umi/per_sample_metrics.tsv,02a singleton rescue
GFB-64261,DMF5CDR3bDRG012xpositive,02a_singleton_rescue,reads_lost_too_short,207,DMF5,P3481_LUCA-TCRDMF5,data/P3481_LUCA-TCRDMF5/02_umi/per_sample_metrics.tsv,02a singleton rescue
GFB-64261,DMF5CDR3bDRG012xpositive,02a_singleton_rescue,reads_extracted,147734,DMF5,P3481_LUCA-TCRDMF5,data/P3481_LUCA-TCRDMF5/02_umi/per_sample_metrics.tsv,02a singleton rescue
GFB-64261,DMF5CDR3bDRG012xpositive,02a_singleton_rescue,variants_total,35569,DMF5,P3481_LUCA-TCRDMF5,data/P3481_LUCA-TCRDMF5/02_umi/per_sample_metrics.tsv,02a singleton rescue
GFB-64261,DMF5CDR3bDRG012xpositive,02a_singleton_rescue,variants_kept,3806,DMF5,P3481_LUCA-TCRDMF5,data/P3481_LUCA-TCRDMF5/02_umi/per_sample_metrics.tsv,02a singleton rescue
GFB-64261,DMF5CDR3bDRG012xpositive,02a_singleton_rescue,reads_rescued,80459,DMF5,P3481_LUCA-TCRDMF5,data/P3481_LUCA-TCRDMF5/02_umi/per_sample_metrics.tsv,02a singleton rescue
GFB-64262,DMF5CDR3bDRG042xpositive,02a_singleton_rescue,reads_in,750974,DMF5,P3481_LUCA-TCRDMF5,data/P3481_LUCA-TCRDMF5/02_umi/per_sample_metrics.tsv,02a singleton rescue
GFB-64262,DMF5CDR3bDRG042xpositive,02a_singleton_rescue,reads_lost_no_anchor,424669,DMF5,P3481_LUCA-TCRDMF5,data/P3481_LUCA-TCRDMF5/02_umi/per_sample_metrics.tsv,02a singleton rescue
GFB-64262,DMF5CDR3bDRG042xpositive,02a_singleton_rescue,reads_lost_too_short,552,DMF5,P3481_LUCA-TCRDMF5,data/P3481_LUCA-TCRDMF5/02_umi/per_sample_metrics.tsv,02a singleton rescue
GFB-64262,DMF5CDR3bDRG042xpositive,02a_singleton_rescue,reads_extracted,325753,DMF5,P3481_LUCA-TCRDMF5,data/P3481_LUCA-TCRDMF5/02_umi/per_sample_metrics.tsv,02a singleton rescue
GFB-64262,DMF5CDR3bDRG042xpositive,02a_singleton_rescue,variants_total,76276,DMF5,P3481_LUCA-TCRDMF5,data/P3481_LUCA-TCRDMF5/02_umi/per_sample_metrics.tsv,02a singleton rescue
GFB-64262,DMF5CDR3bDRG042xpositive,02a_singleton_rescue,variants_kept,7263,DMF5,P3481_LUCA-TCRDMF5,data/P3481_LUCA-TCRDMF5/02_umi/per_sample_metrics.tsv,02a singleton rescue
GFB-64262,DMF5CDR3bDRG042xpositive,02a_singleton_rescue,reads_rescued,213225,DMF5,P3481_LUCA-TCRDMF5,data/P3481_LUCA-TCRDMF5/02_umi/per_sample_metrics.tsv,02a singleton rescue
GFB-64263,DMF5CDR3borilib,02a_singleton_rescue,reads_in,2073930,DMF5,P3481_LUCA-TCRDMF5,data/P3481_LUCA-TCRDMF5/02_umi/per_sample_metrics.tsv,02a singleton rescue
GFB-64263,DMF5CDR3borilib,02a_singleton_rescue,reads_lost_no_anchor,1854526,DMF5,P3481_LUCA-TCRDMF5,data/P3481_LUCA-TCRDMF5/02_umi/per_sample_metrics.tsv,02a singleton rescue
GFB-64263,DMF5CDR3borilib,02a_singleton_rescue,reads_lost_too_short,290,DMF5,P3481_LUCA-TCRDMF5,data/P3481_LUCA-TCRDMF5/02_umi/per_sample_metrics.tsv,02a singleton rescue
GFB-64263,DMF5CDR3borilib,02a_singleton_rescue,reads_extracted,219114,DMF5,P3481_LUCA-TCRDMF5,data/P3481_LUCA-TCRDMF5/02_umi/per_sample_metrics.tsv,02a singleton rescue
GFB-64263,DMF5CDR3borilib,02a_singleton_rescue,variants_total,154464,DMF5,P3481_LUCA-TCRDMF5,data/P3481_LUCA-TCRDMF5/02_umi/per_sample_metrics.tsv,02a singleton rescue
GFB-64263,DMF5CDR3borilib,02a_singleton_rescue,variants_kept,167,DMF5,P3481_LUCA-TCRDMF5,data/P3481_LUCA-TCRDMF5/02_umi/per_sample_metrics.tsv,02a singleton rescue
GFB-64263,DMF5CDR3borilib,02a_singleton_rescue,reads_rescued,3822,DMF5,P3481_LUCA-TCRDMF5,data/P3481_LUCA-TCRDMF5/02_umi/per_sample_metrics.tsv,02a singleton rescue
GFB-64253,DMF5CDR3bGIG041xpositive,03_extraction,reads_in_total,51389,DMF5,P3481_LUCA-TCRDMF5,data/P3481_LUCA-TCRDMF5/03_extracted/per_sample_metrics.tsv,03 extraction
GFB-64253,DMF5CDR3bGIG041xpositive,03_extraction,reads_pass,39589,DMF5,P3481_LUCA-TCRDMF5,data/P3481_LUCA-TCRDMF5/03_extracted/per_sample_metrics.tsv,03 extraction
GFB-64253,DMF5CDR3bGIG041xpositive,03_extraction,reads_lost_no_anchor,2984,DMF5,P3481_LUCA-TCRDMF5,data/P3481_LUCA-TCRDMF5/03_extracted/per_sample_metrics.tsv,03 extraction
GFB-64253,DMF5CDR3bGIG041xpositive,03_extraction,reads_lost_too_short,13,DMF5,P3481_LUCA-TCRDMF5,data/P3481_LUCA-TCRDMF5/03_extracted/per_sample_metrics.tsv,03 extraction
GFB-64253,DMF5CDR3bGIG041xpositive,03_extraction,reads_lost_contains_N,3787,DMF5,P3481_LUCA-TCRDMF5,data/P3481_LUCA-TCRDMF5/03_extracted/per_sample_metrics.tsv,03 extraction
GFB-64253,DMF5CDR3bGIG041xpositive,03_extraction,reads_lost_wrong_length,0,DMF5,P3481_LUCA-TCRDMF5,data/P3481_LUCA-TCRDMF5/03_extracted/per_sample_metrics.tsv,03 extraction
GFB-64253,DMF5CDR3bGIG041xpositive,03_extraction,reads_lost_stop_codon,1313,DMF5,P3481_LUCA-TCRDMF5,data/P3481_LUCA-TCRDMF5/03_extracted/per_sample_metrics.tsv,03 extraction
GFB-64253,DMF5CDR3bGIG041xpositive,03_extraction,reads_lost_validation,3703,DMF5,P3481_LUCA-TCRDMF5,data/P3481_LUCA-TCRDMF5/03_extracted/per_sample_metrics.tsv,03 extraction
GFB-64251,DMF5CDR3bGIG011xpositive,03_extraction,reads_in_total,456938,DMF5,P3481_LUCA-TCRDMF5,data/P3481_LUCA-TCRDMF5/03_extracted/per_sample_metrics.tsv,03 extraction
GFB-64251,DMF5CDR3bGIG011xpositive,03_extraction,reads_pass,332379,DMF5,P3481_LUCA-TCRDMF5,data/P3481_LUCA-TCRDMF5/03_extracted/per_sample_metrics.tsv,03 extraction
GFB-64251,DMF5CDR3bGIG011xpositive,03_extraction,reads_lost_no_anchor,35535,DMF5,P3481_LUCA-TCRDMF5,data/P3481_LUCA-TCRDMF5/03_extracted/per_sample_metrics.tsv,03 extraction
GFB-64251,DMF5CDR3bGIG011xpositive,03_extraction,reads_lost_too_short,313,DMF5,P3481_LUCA-TCRDMF5,data/P3481_LUCA-TCRDMF5/03_extracted/per_sample_metrics.tsv,03 extraction
GFB-64251,DMF5CDR3bGIG011xpositive,03_extraction,reads_lost_contains_N,45452,DMF5,P3481_LUCA-TCRDMF5,data/P3481_LUCA-TCRDMF5/03_extracted/per_sample_metrics.tsv,03 extraction
GFB-64251,DMF5CDR3bGIG011xpositive,03_extraction,reads_lost_wrong_length,0,DMF5,P3481_LUCA-TCRDMF5,data/P3481_LUCA-TCRDMF5/03_extracted/per_sample_metrics.tsv,03 extraction
GFB-64251,DMF5CDR3bGIG011xpositive,03_extraction,reads_lost_stop_codon,11559,DMF5,P3481_LUCA-TCRDMF5,data/P3481_LUCA-TCRDMF5/03_extracted/per_sample_metrics.tsv,03 extraction
GFB-64251,DMF5CDR3bGIG011xpositive,03_extraction,reads_lost_validation,31700,DMF5,P3481_LUCA-TCRDMF5,data/P3481_LUCA-TCRDMF5/03_extracted/per_sample_metrics.tsv,03 extraction
GFB-64255,DMF5CDR3bDRG011xpositive,03_extraction,reads_in_total,415375,DMF5,P3481_LUCA-TCRDMF5,data/P3481_LUCA-TCRDMF5/03_extracted/per_sample_metrics.tsv,03 extraction
GFB-64255,DMF5CDR3bDRG011xpositive,03_extraction,reads_pass,309610,DMF5,P3481_LUCA-TCRDMF5,data/P3481_LUCA-TCRDMF5/03_extracted/per_sample_metrics.tsv,03 extraction
GFB-64255,DMF5CDR3bDRG011xpositive,03_extraction,reads_lost_no_anchor,28370,DMF5,P3481_LUCA-TCRDMF5,data/P3481_LUCA-TCRDMF5/03_extracted/per_sample_metrics.tsv,03 extraction
GFB-64255,DMF5CDR3bDRG011xpositive,03_extraction,reads_lost_too_short,376,DMF5,P3481_LUCA-TCRDMF5,data/P3481_LUCA-TCRDMF5/03_extracted/per_sample_metrics.tsv,03 extraction
GFB-64255,DMF5CDR3bDRG011xpositive,03_extraction,reads_lost_contains_N,34409,DMF5,P3481_LUCA-TCRDMF5,data/P3481_LUCA-TCRDMF5/03_extracted/per_sample_metrics.tsv,03 extraction
GFB-64255,DMF5CDR3bDRG011xpositive,03_extraction,reads_lost_wrong_length,0,DMF5,P3481_LUCA-TCRDMF5,data/P3481_LUCA-TCRDMF5/03_extracted/per_sample_metrics.tsv,03 extraction
GFB-64255,DMF5CDR3bDRG011xpositive,03_extraction,reads_lost_stop_codon,12113,DMF5,P3481_LUCA-TCRDMF5,data/P3481_LUCA-TCRDMF5/03_extracted/per_sample_metrics.tsv,03 extraction
GFB-64255,DMF5CDR3bDRG011xpositive,03_extraction,reads_lost_validation,30497,DMF5,P3481_LUCA-TCRDMF5,data/P3481_LUCA-TCRDMF5/03_extracted/per_sample_metrics.tsv,03 extraction
GFB-64250,DMF5CDR3bDRG042xnegative,03_extraction,reads_in_total,584051,DMF5,P3481_LUCA-TCRDMF5,data/P3481_LUCA-TCRDMF5/03_extracted/per_sample_metrics.tsv,03 extraction
GFB-64250,DMF5CDR3bDRG042xnegative,03_extraction,reads_pass,379465,DMF5,P3481_LUCA-TCRDMF5,data/P3481_LUCA-TCRDMF5/03_extracted/per_sample_metrics.tsv,03 extraction
GFB-64250,DMF5CDR3bDRG042xnegative,03_extraction,reads_lost_no_anchor,109642,DMF5,P3481_LUCA-TCRDMF5,data/P3481_LUCA-TCRDMF5/03_extracted/per_sample_metrics.tsv,03 extraction
GFB-64250,DMF5CDR3bDRG042xnegative,03_extraction,reads_lost_too_short,784,DMF5,P3481_LUCA-TCRDMF5,data/P3481_LUCA-TCRDMF5/03_extracted/per_sample_metrics.tsv,03 extraction
GFB-64250,DMF5CDR3bDRG042xnegative,03_extraction,reads_lost_contains_N,24491,DMF5,P3481_LUCA-TCRDMF5,data/P3481_LUCA-TCRDMF5/03_extracted/per_sample_metrics.tsv,03 extraction
GFB-64250,DMF5CDR3bDRG042xnegative,03_extraction,reads_lost_wrong_length,0,DMF5,P3481_LUCA-TCRDMF5,data/P3481_LUCA-TCRDMF5/03_extracted/per_sample_metrics.tsv,03 extraction
GFB-64250,DMF5CDR3bDRG042xnegative,03_extraction,reads_lost_stop_codon,19160,DMF5,P3481_LUCA-TCRDMF5,data/P3481_LUCA-TCRDMF5/03_extracted/per_sample_metrics.tsv,03 extraction
GFB-64250,DMF5CDR3bDRG042xnegative,03_extraction,reads_lost_validation,50509,DMF5,P3481_LUCA-TCRDMF5,data/P3481_LUCA-TCRDMF5/03_extracted/per_sample_metrics.tsv,03 extraction
GFB-64258,DMF5CDR3bGIG032xpositive,03_extraction,reads_in_total,482403,DMF5,P3481_LUCA-TCRDMF5,data/P3481_LUCA-TCRDMF5/03_extracted/per_sample_metrics.tsv,03 extraction
GFB-64258,DMF5CDR3bGIG032xpositive,03_extraction,reads_pass,356418,DMF5,P3481_LUCA-TCRDMF5,data/P3481_LUCA-TCRDMF5/03_extracted/per_sample_metrics.tsv,03 extraction
GFB-64258,DMF5CDR3bGIG032xpositive,03_extraction,reads_lost_no_anchor,52063,DMF5,P3481_LUCA-TCRDMF5,data/P3481_LUCA-TCRDMF5/03_extracted/per_sample_metrics.tsv,03 extraction
GFB-64258,DMF5CDR3bGIG032xpositive,03_extraction,reads_lost_too_short,191,DMF5,P3481_LUCA-TCRDMF5,data/P3481_LUCA-TCRDMF5/03_extracted/per_sample_metrics.tsv,03 extraction
GFB-64258,DMF5CDR3bGIG032xpositive,03_extraction,reads_lost_contains_N,27175,DMF5,P3481_LUCA-TCRDMF5,data/P3481_LUCA-TCRDMF5/03_extracted/per_sample_metrics.tsv,03 extraction
GFB-64258,DMF5CDR3bGIG032xpositive,03_extraction,reads_lost_wrong_length,0,DMF5,P3481_LUCA-TCRDMF5,data/P3481_LUCA-TCRDMF5/03_extracted/per_sample_metrics.tsv,03 extraction
GFB-64258,DMF5CDR3bGIG032xpositive,03_extraction,reads_lost_stop_codon,13736,DMF5,P3481_LUCA-TCRDMF5,data/P3481_LUCA-TCRDMF5/03_extracted/per_sample_metrics.tsv,03 extraction
GFB-64258,DMF5CDR3bGIG032xpositive,03_extraction,reads_lost_validation,32820,DMF5,P3481_LUCA-TCRDMF5,data/P3481_LUCA-TCRDMF5/03_extracted/per_sample_metrics.tsv,03 extraction
GFB-64261,DMF5CDR3bDRG012xpositive,03_extraction,reads_in_total,540194,DMF5,P3481_LUCA-TCRDMF5,data/P3481_LUCA-TCRDMF5/03_extracted/per_sample_metrics.tsv,03 extraction
GFB-64261,DMF5CDR3bDRG012xpositive,03_extraction,reads_pass,387567,DMF5,P3481_LUCA-TCRDMF5,data/P3481_LUCA-TCRDMF5/03_extracted/per_sample_metrics.tsv,03 extraction
GFB-64261,DMF5CDR3bDRG012xpositive,03_extraction,reads_lost_no_anchor,71631,DMF5,P3481_LUCA-TCRDMF5,data/P3481_LUCA-TCRDMF5/03_extracted/per_sample_metrics.tsv,03 extraction
GFB-64261,DMF5CDR3bDRG012xpositive,03_extraction,reads_lost_too_short,497,DMF5,P3481_LUCA-TCRDMF5,data/P3481_LUCA-TCRDMF5/03_extracted/per_sample_metrics.tsv,03 extraction
GFB-64261,DMF5CDR3bDRG012xpositive,03_extraction,reads_lost_contains_N,25476,DMF5,P3481_LUCA-TCRDMF5,data/P3481_LUCA-TCRDMF5/03_extracted/per_sample_metrics.tsv,03 extraction
GFB-64261,DMF5CDR3bDRG012xpositive,03_extraction,reads_lost_wrong_length,0,DMF5,P3481_LUCA-TCRDMF5,data/P3481_LUCA-TCRDMF5/03_extracted/per_sample_metrics.tsv,03 extraction
GFB-64261,DMF5CDR3bDRG012xpositive,03_extraction,reads_lost_stop_codon,15950,DMF5,P3481_LUCA-TCRDMF5,data/P3481_LUCA-TCRDMF5/03_extracted/per_sample_metrics.tsv,03 extraction
GFB-64261,DMF5CDR3bDRG012xpositive,03_extraction,reads_lost_validation,39073,DMF5,P3481_LUCA-TCRDMF5,data/P3481_LUCA-TCRDMF5/03_extracted/per_sample_metrics.tsv,03 extraction
GFB-64256,DMF5CDR3bDRG041xpositive,03_extraction,reads_in_total,655479,DMF5,P3481_LUCA-TCRDMF5,data/P3481_LUCA-TCRDMF5/03_extracted/per_sample_metrics.tsv,03 extraction
GFB-64256,DMF5CDR3bDRG041xpositive,03_extraction,reads_pass,458164,DMF5,P3481_LUCA-TCRDMF5,data/P3481_LUCA-TCRDMF5/03_extracted/per_sample_metrics.tsv,03 extraction
GFB-64256,DMF5CDR3bDRG041xpositive,03_extraction,reads_lost_no_anchor,84101,DMF5,P3481_LUCA-TCRDMF5,data/P3481_LUCA-TCRDMF5/03_extracted/per_sample_metrics.tsv,03 extraction
GFB-64256,DMF5CDR3bDRG041xpositive,03_extraction,reads_lost_too_short,699,DMF5,P3481_LUCA-TCRDMF5,data/P3481_LUCA-TCRDMF5/03_extracted/per_sample_metrics.tsv,03 extraction
GFB-64256,DMF5CDR3bDRG041xpositive,03_extraction,reads_lost_contains_N,50103,DMF5,P3481_LUCA-TCRDMF5,data/P3481_LUCA-TCRDMF5/03_extracted/per_sample_metrics.tsv,03 extraction
GFB-64256,DMF5CDR3bDRG041xpositive,03_extraction,reads_lost_wrong_length,0,DMF5,P3481_LUCA-TCRDMF5,data/P3481_LUCA-TCRDMF5/03_extracted/per_sample_metrics.tsv,03 extraction
GFB-64256,DMF5CDR3bDRG041xpositive,03_extraction,reads_lost_stop_codon,16812,DMF5,P3481_LUCA-TCRDMF5,data/P3481_LUCA-TCRDMF5/03_extracted/per_sample_metrics.tsv,03 extraction
GFB-64256,DMF5CDR3bDRG041xpositive,03_extraction,reads_lost_validation,45600,DMF5,P3481_LUCA-TCRDMF5,data/P3481_LUCA-TCRDMF5/03_extracted/per_sample_metrics.tsv,03 extraction
GFB-64252,DMF5CDR3bGIG031xpositive,03_extraction,reads_in_total,734980,DMF5,P3481_LUCA-TCRDMF5,data/P3481_LUCA-TCRDMF5/03_extracted/per_sample_metrics.tsv,03 extraction
GFB-64252,DMF5CDR3bGIG031xpositive,03_extraction,reads_pass,508733,DMF5,P3481_LUCA-TCRDMF5,data/P3481_LUCA-TCRDMF5/03_extracted/per_sample_metrics.tsv,03 extraction
GFB-64252,DMF5CDR3bGIG031xpositive,03_extraction,reads_lost_no_anchor,96536,DMF5,P3481_LUCA-TCRDMF5,data/P3481_LUCA-TCRDMF5/03_extracted/per_sample_metrics.tsv,03 extraction
GFB-64252,DMF5CDR3bGIG031xpositive,03_extraction,reads_lost_too_short,778,DMF5,P3481_LUCA-TCRDMF5,data/P3481_LUCA-TCRDMF5/03_extracted/per_sample_metrics.tsv,03 extraction
GFB-64252,DMF5CDR3bGIG031xpositive,03_extraction,reads_lost_contains_N,54659,DMF5,P3481_LUCA-TCRDMF5,data/P3481_LUCA-TCRDMF5/03_extracted/per_sample_metrics.tsv,03 extraction
GFB-64252,DMF5CDR3bGIG031xpositive,03_extraction,reads_lost_wrong_length,0,DMF5,P3481_LUCA-TCRDMF5,data/P3481_LUCA-TCRDMF5/03_extracted/per_sample_metrics.tsv,03 extraction
GFB-64252,DMF5CDR3bGIG031xpositive,03_extraction,reads_lost_stop_codon,18639,DMF5,P3481_LUCA-TCRDMF5,data/P3481_LUCA-TCRDMF5/03_extracted/per_sample_metrics.tsv,03 extraction
GFB-64252,DMF5CDR3bGIG031xpositive,03_extraction,reads_lost_validation,55635,DMF5,P3481_LUCA-TCRDMF5,data/P3481_LUCA-TCRDMF5/03_extracted/per_sample_metrics.tsv,03 extraction
GFB-64246,DMF5CDR3bGIG032xnegative,03_extraction,reads_in_total,825689,DMF5,P3481_LUCA-TCRDMF5,data/P3481_LUCA-TCRDMF5/03_extracted/per_sample_metrics.tsv,03 extraction
GFB-64246,DMF5CDR3bGIG032xnegative,03_extraction,reads_pass,552011,DMF5,P3481_LUCA-TCRDMF5,data/P3481_LUCA-TCRDMF5/03_extracted/per_sample_metrics.tsv,03 extraction
GFB-64246,DMF5CDR3bGIG032xnegative,03_extraction,reads_lost_no_anchor,130301,DMF5,P3481_LUCA-TCRDMF5,data/P3481_LUCA-TCRDMF5/03_extracted/per_sample_metrics.tsv,03 extraction
GFB-64246,DMF5CDR3bGIG032xnegative,03_extraction,reads_lost_too_short,1045,DMF5,P3481_LUCA-TCRDMF5,data/P3481_LUCA-TCRDMF5/03_extracted/per_sample_metrics.tsv,03 extraction
GFB-64246,DMF5CDR3bGIG032xnegative,03_extraction,reads_lost_contains_N,41765,DMF5,P3481_LUCA-TCRDMF5,data/P3481_LUCA-TCRDMF5/03_extracted/per_sample_metrics.tsv,03 extraction
GFB-64246,DMF5CDR3bGIG032xnegative,03_extraction,reads_lost_wrong_length,0,DMF5,P3481_LUCA-TCRDMF5,data/P3481_LUCA-TCRDMF5/03_extracted/per_sample_metrics.tsv,03 extraction
GFB-64246,DMF5CDR3bGIG032xnegative,03_extraction,reads_lost_stop_codon,26425,DMF5,P3481_LUCA-TCRDMF5,data/P3481_LUCA-TCRDMF5/03_extracted/per_sample_metrics.tsv,03 extraction
GFB-64246,DMF5CDR3bGIG032xnegative,03_extraction,reads_lost_validation,74142,DMF5,P3481_LUCA-TCRDMF5,data/P3481_LUCA-TCRDMF5/03_extracted/per_sample_metrics.tsv,03 extraction
GFB-64248,DMF5CDR3bGIG052xnegative,03_extraction,reads_in_total,914940,DMF5,P3481_LUCA-TCRDMF5,data/P3481_LUCA-TCRDMF5/03_extracted/per_sample_metrics.tsv,03 extraction
GFB-64248,DMF5CDR3bGIG052xnegative,03_extraction,reads_pass,580224,DMF5,P3481_LUCA-TCRDMF5,data/P3481_LUCA-TCRDMF5/03_extracted/per_sample_metrics.tsv,03 extraction
GFB-64248,DMF5CDR3bGIG052xnegative,03_extraction,reads_lost_no_anchor,183871,DMF5,P3481_LUCA-TCRDMF5,data/P3481_LUCA-TCRDMF5/03_extracted/per_sample_metrics.tsv,03 extraction
GFB-64248,DMF5CDR3bGIG052xnegative,03_extraction,reads_lost_too_short,1322,DMF5,P3481_LUCA-TCRDMF5,data/P3481_LUCA-TCRDMF5/03_extracted/per_sample_metrics.tsv,03 extraction
GFB-64248,DMF5CDR3bGIG052xnegative,03_extraction,reads_lost_contains_N,41393,DMF5,P3481_LUCA-TCRDMF5,data/P3481_LUCA-TCRDMF5/03_extracted/per_sample_metrics.tsv,03 extraction
GFB-64248,DMF5CDR3bGIG052xnegative,03_extraction,reads_lost_wrong_length,0,DMF5,P3481_LUCA-TCRDMF5,data/P3481_LUCA-TCRDMF5/03_extracted/per_sample_metrics.tsv,03 extraction
GFB-64248,DMF5CDR3bGIG052xnegative,03_extraction,reads_lost_stop_codon,29935,DMF5,P3481_LUCA-TCRDMF5,data/P3481_LUCA-TCRDMF5/03_extracted/per_sample_metrics.tsv,03 extraction
GFB-64248,DMF5CDR3bGIG052xnegative,03_extraction,reads_lost_validation,78195,DMF5,P3481_LUCA-TCRDMF5,data/P3481_LUCA-TCRDMF5/03_extracted/per_sample_metrics.tsv,03 extraction
GFB-64249,DMF5CDR3bDRG012xnegative,03_extraction,reads_in_total,831162,DMF5,P3481_LUCA-TCRDMF5,data/P3481_LUCA-TCRDMF5/03_extracted/per_sample_metrics.tsv,03 extraction
GFB-64249,DMF5CDR3bDRG012xnegative,03_extraction,reads_pass,600151,DMF5,P3481_LUCA-TCRDMF5,data/P3481_LUCA-TCRDMF5/03_extracted/per_sample_metrics.tsv,03 extraction
GFB-64249,DMF5CDR3bDRG012xnegative,03_extraction,reads_lost_no_anchor,74626,DMF5,P3481_LUCA-TCRDMF5,data/P3481_LUCA-TCRDMF5/03_extracted/per_sample_metrics.tsv,03 extraction
GFB-64249,DMF5CDR3bDRG012xnegative,03_extraction,reads_lost_too_short,1457,DMF5,P3481_LUCA-TCRDMF5,data/P3481_LUCA-TCRDMF5/03_extracted/per_sample_metrics.tsv,03 extraction
GFB-64249,DMF5CDR3bDRG012xnegative,03_extraction,reads_lost_contains_N,41915,DMF5,P3481_LUCA-TCRDMF5,data/P3481_LUCA-TCRDMF5/03_extracted/per_sample_metrics.tsv,03 extraction
GFB-64249,DMF5CDR3bDRG012xnegative,03_extraction,reads_lost_wrong_length,0,DMF5,P3481_LUCA-TCRDMF5,data/P3481_LUCA-TCRDMF5/03_extracted/per_sample_metrics.tsv,03 extraction
GFB-64249,DMF5CDR3bDRG012xnegative,03_extraction,reads_lost_stop_codon,30057,DMF5,P3481_LUCA-TCRDMF5,data/P3481_LUCA-TCRDMF5/03_extracted/per_sample_metrics.tsv,03 extraction
GFB-64249,DMF5CDR3bDRG012xnegative,03_extraction,reads_lost_validation,82956,DMF5,P3481_LUCA-TCRDMF5,data/P3481_LUCA-TCRDMF5/03_extracted/per_sample_metrics.tsv,03 extraction
GFB-64259,DMF5CDR3bGIG042xpositive,03_extraction,reads_in_total,733534,DMF5,P3481_LUCA-TCRDMF5,data/P3481_LUCA-TCRDMF5/03_extracted/per_sample_metrics.tsv,03 extraction
GFB-64259,DMF5CDR3bGIG042xpositive,03_extraction,reads_pass,564988,DMF5,P3481_LUCA-TCRDMF5,data/P3481_LUCA-TCRDMF5/03_extracted/per_sample_metrics.tsv,03 extraction
GFB-64259,DMF5CDR3bGIG042xpositive,03_extraction,reads_lost_no_anchor,60083,DMF5,P3481_LUCA-TCRDMF5,data/P3481_LUCA-TCRDMF5/03_extracted/per_sample_metrics.tsv,03 extraction
GFB-64259,DMF5CDR3bGIG042xpositive,03_extraction,reads_lost_too_short,971,DMF5,P3481_LUCA-TCRDMF5,data/P3481_LUCA-TCRDMF5/03_extracted/per_sample_metrics.tsv,03 extraction
GFB-64259,DMF5CDR3bGIG042xpositive,03_extraction,reads_lost_contains_N,32642,DMF5,P3481_LUCA-TCRDMF5,data/P3481_LUCA-TCRDMF5/03_extracted/per_sample_metrics.tsv,03 extraction
GFB-64259,DMF5CDR3bGIG042xpositive,03_extraction,reads_lost_wrong_length,0,DMF5,P3481_LUCA-TCRDMF5,data/P3481_LUCA-TCRDMF5/03_extracted/per_sample_metrics.tsv,03 extraction
GFB-64259,DMF5CDR3bGIG042xpositive,03_extraction,reads_lost_stop_codon,21367,DMF5,P3481_LUCA-TCRDMF5,data/P3481_LUCA-TCRDMF5/03_extracted/per_sample_metrics.tsv,03 extraction
GFB-64259,DMF5CDR3bGIG042xpositive,03_extraction,reads_lost_validation,53483,DMF5,P3481_LUCA-TCRDMF5,data/P3481_LUCA-TCRDMF5/03_extracted/per_sample_metrics.tsv,03 extraction
GFB-64254,DMF5CDR3bGIG051xpositive,03_extraction,reads_in_total,896166,DMF5,P3481_LUCA-TCRDMF5,data/P3481_LUCA-TCRDMF5/03_extracted/per_sample_metrics.tsv,03 extraction
GFB-64254,DMF5CDR3bGIG051xpositive,03_extraction,reads_pass,654897,DMF5,P3481_LUCA-TCRDMF5,data/P3481_LUCA-TCRDMF5/03_extracted/per_sample_metrics.tsv,03 extraction
GFB-64254,DMF5CDR3bGIG051xpositive,03_extraction,reads_lost_no_anchor,82979,DMF5,P3481_LUCA-TCRDMF5,data/P3481_LUCA-TCRDMF5/03_extracted/per_sample_metrics.tsv,03 extraction
GFB-64254,DMF5CDR3bGIG051xpositive,03_extraction,reads_lost_too_short,960,DMF5,P3481_LUCA-TCRDMF5,data/P3481_LUCA-TCRDMF5/03_extracted/per_sample_metrics.tsv,03 extraction
GFB-64254,DMF5CDR3bGIG051xpositive,03_extraction,reads_lost_contains_N,65596,DMF5,P3481_LUCA-TCRDMF5,data/P3481_LUCA-TCRDMF5/03_extracted/per_sample_metrics.tsv,03 extraction
GFB-64254,DMF5CDR3bGIG051xpositive,03_extraction,reads_lost_wrong_length,0,DMF5,P3481_LUCA-TCRDMF5,data/P3481_LUCA-TCRDMF5/03_extracted/per_sample_metrics.tsv,03 extraction
GFB-64254,DMF5CDR3bGIG051xpositive,03_extraction,reads_lost_stop_codon,24392,DMF5,P3481_LUCA-TCRDMF5,data/P3481_LUCA-TCRDMF5/03_extracted/per_sample_metrics.tsv,03 extraction
GFB-64254,DMF5CDR3bGIG051xpositive,03_extraction,reads_lost_validation,67342,DMF5,P3481_LUCA-TCRDMF5,data/P3481_LUCA-TCRDMF5/03_extracted/per_sample_metrics.tsv,03 extraction
GFB-64245,DMF5CDR3bGIG012xnegative,03_extraction,reads_in_total,1025591,DMF5,P3481_LUCA-TCRDMF5,data/P3481_LUCA-TCRDMF5/03_extracted/per_sample_metrics.tsv,03 extraction
GFB-64245,DMF5CDR3bGIG012xnegative,03_extraction,reads_pass,600322,DMF5,P3481_LUCA-TCRDMF5,data/P3481_LUCA-TCRDMF5/03_extracted/per_sample_metrics.tsv,03 extraction
GFB-64245,DMF5CDR3bGIG012xnegative,03_extraction,reads_lost_no_anchor,256210,DMF5,P3481_LUCA-TCRDMF5,data/P3481_LUCA-TCRDMF5/03_extracted/per_sample_metrics.tsv,03 extraction
GFB-64245,DMF5CDR3bGIG012xnegative,03_extraction,reads_lost_too_short,1342,DMF5,P3481_LUCA-TCRDMF5,data/P3481_LUCA-TCRDMF5/03_extracted/per_sample_metrics.tsv,03 extraction
GFB-64245,DMF5CDR3bGIG012xnegative,03_extraction,reads_lost_contains_N,53991,DMF5,P3481_LUCA-TCRDMF5,data/P3481_LUCA-TCRDMF5/03_extracted/per_sample_metrics.tsv,03 extraction
GFB-64245,DMF5CDR3bGIG012xnegative,03_extraction,reads_lost_wrong_length,0,DMF5,P3481_LUCA-TCRDMF5,data/P3481_LUCA-TCRDMF5/03_extracted/per_sample_metrics.tsv,03 extraction
GFB-64245,DMF5CDR3bGIG012xnegative,03_extraction,reads_lost_stop_codon,30254,DMF5,P3481_LUCA-TCRDMF5,data/P3481_LUCA-TCRDMF5/03_extracted/per_sample_metrics.tsv,03 extraction
GFB-64245,DMF5CDR3bGIG012xnegative,03_extraction,reads_lost_validation,83472,DMF5,P3481_LUCA-TCRDMF5,data/P3481_LUCA-TCRDMF5/03_extracted/per_sample_metrics.tsv,03 extraction
GFB-64257,DMF5CDR3bGIG012xpositive,03_extraction,reads_in_total,883690,DMF5,P3481_LUCA-TCRDMF5,data/P3481_LUCA-TCRDMF5/03_extracted/per_sample_metrics.tsv,03 extraction
GFB-64257,DMF5CDR3bGIG012xpositive,03_extraction,reads_pass,655870,DMF5,P3481_LUCA-TCRDMF5,data/P3481_LUCA-TCRDMF5/03_extracted/per_sample_metrics.tsv,03 extraction
GFB-64257,DMF5CDR3bGIG012xpositive,03_extraction,reads_lost_no_anchor,101880,DMF5,P3481_LUCA-TCRDMF5,data/P3481_LUCA-TCRDMF5/03_extracted/per_sample_metrics.tsv,03 extraction
GFB-64257,DMF5CDR3bGIG012xpositive,03_extraction,reads_lost_too_short,933,DMF5,P3481_LUCA-TCRDMF5,data/P3481_LUCA-TCRDMF5/03_extracted/per_sample_metrics.tsv,03 extraction
GFB-64257,DMF5CDR3bGIG012xpositive,03_extraction,reads_lost_contains_N,40349,DMF5,P3481_LUCA-TCRDMF5,data/P3481_LUCA-TCRDMF5/03_extracted/per_sample_metrics.tsv,03 extraction
GFB-64257,DMF5CDR3bGIG012xpositive,03_extraction,reads_lost_wrong_length,0,DMF5,P3481_LUCA-TCRDMF5,data/P3481_LUCA-TCRDMF5/03_extracted/per_sample_metrics.tsv,03 extraction
GFB-64257,DMF5CDR3bGIG012xpositive,03_extraction,reads_lost_stop_codon,23926,DMF5,P3481_LUCA-TCRDMF5,data/P3481_LUCA-TCRDMF5/03_extracted/per_sample_metrics.tsv,03 extraction
GFB-64257,DMF5CDR3bGIG012xpositive,03_extraction,reads_lost_validation,60732,DMF5,P3481_LUCA-TCRDMF5,data/P3481_LUCA-TCRDMF5/03_extracted/per_sample_metrics.tsv,03 extraction
GFB-64260,DMF5CDR3bGIG052xpositive,03_extraction,reads_in_total,840751,DMF5,P3481_LUCA-TCRDMF5,data/P3481_LUCA-TCRDMF5/03_extracted/per_sample_metrics.tsv,03 extraction
GFB-64260,DMF5CDR3bGIG052xpositive,03_extraction,reads_pass,633934,DMF5,P3481_LUCA-TCRDMF5,data/P3481_LUCA-TCRDMF5/03_extracted/per_sample_metrics.tsv,03 extraction
GFB-64260,DMF5CDR3bGIG052xpositive,03_extraction,reads_lost_no_anchor,84538,DMF5,P3481_LUCA-TCRDMF5,data/P3481_LUCA-TCRDMF5/03_extracted/per_sample_metrics.tsv,03 extraction
GFB-64260,DMF5CDR3bGIG052xpositive,03_extraction,reads_lost_too_short,878,DMF5,P3481_LUCA-TCRDMF5,data/P3481_LUCA-TCRDMF5/03_extracted/per_sample_metrics.tsv,03 extraction
GFB-64260,DMF5CDR3bGIG052xpositive,03_extraction,reads_lost_contains_N,37436,DMF5,P3481_LUCA-TCRDMF5,data/P3481_LUCA-TCRDMF5/03_extracted/per_sample_metrics.tsv,03 extraction
GFB-64260,DMF5CDR3bGIG052xpositive,03_extraction,reads_lost_wrong_length,0,DMF5,P3481_LUCA-TCRDMF5,data/P3481_LUCA-TCRDMF5/03_extracted/per_sample_metrics.tsv,03 extraction
GFB-64260,DMF5CDR3bGIG052xpositive,03_extraction,reads_lost_stop_codon,24330,DMF5,P3481_LUCA-TCRDMF5,data/P3481_LUCA-TCRDMF5/03_extracted/per_sample_metrics.tsv,03 extraction
GFB-64260,DMF5CDR3bGIG052xpositive,03_extraction,reads_lost_validation,59635,DMF5,P3481_LUCA-TCRDMF5,data/P3481_LUCA-TCRDMF5/03_extracted/per_sample_metrics.tsv,03 extraction
GFB-64263,DMF5CDR3borilib,03_extraction,reads_in_total,2381047,DMF5,P3481_LUCA-TCRDMF5,data/P3481_LUCA-TCRDMF5/03_extracted/per_sample_metrics.tsv,03 extraction
GFB-64263,DMF5CDR3borilib,03_extraction,reads_pass,566239,DMF5,P3481_LUCA-TCRDMF5,data/P3481_LUCA-TCRDMF5/03_extracted/per_sample_metrics.tsv,03 extraction
GFB-64263,DMF5CDR3borilib,03_extraction,reads_lost_no_anchor,1647252,DMF5,P3481_LUCA-TCRDMF5,data/P3481_LUCA-TCRDMF5/03_extracted/per_sample_metrics.tsv,03 extraction
GFB-64263,DMF5CDR3borilib,03_extraction,reads_lost_too_short,904,DMF5,P3481_LUCA-TCRDMF5,data/P3481_LUCA-TCRDMF5/03_extracted/per_sample_metrics.tsv,03 extraction
GFB-64263,DMF5CDR3borilib,03_extraction,reads_lost_contains_N,55715,DMF5,P3481_LUCA-TCRDMF5,data/P3481_LUCA-TCRDMF5/03_extracted/per_sample_metrics.tsv,03 extraction
GFB-64263,DMF5CDR3borilib,03_extraction,reads_lost_wrong_length,0,DMF5,P3481_LUCA-TCRDMF5,data/P3481_LUCA-TCRDMF5/03_extracted/per_sample_metrics.tsv,03 extraction
GFB-64263,DMF5CDR3borilib,03_extraction,reads_lost_stop_codon,30286,DMF5,P3481_LUCA-TCRDMF5,data/P3481_LUCA-TCRDMF5/03_extracted/per_sample_metrics.tsv,03 extraction
GFB-64263,DMF5CDR3borilib,03_extraction,reads_lost_validation,80651,DMF5,P3481_LUCA-TCRDMF5,data/P3481_LUCA-TCRDMF5/03_extracted/per_sample_metrics.tsv,03 extraction
GFB-64247,DMF5CDR3bGIG042xnegative,03_extraction,reads_in_total,1411898,DMF5,P3481_LUCA-TCRDMF5,data/P3481_LUCA-TCRDMF5/03_extracted/per_sample_metrics.tsv,03 extraction
GFB-64247,DMF5CDR3bGIG042xnegative,03_extraction,reads_pass,923319,DMF5,P3481_LUCA-TCRDMF5,data/P3481_LUCA-TCRDMF5/03_extracted/per_sample_metrics.tsv,03 extraction
GFB-64247,DMF5CDR3bGIG042xnegative,03_extraction,reads_lost_no_anchor,231772,DMF5,P3481_LUCA-TCRDMF5,data/P3481_LUCA-TCRDMF5/03_extracted/per_sample_metrics.tsv,03 extraction
GFB-64247,DMF5CDR3bGIG042xnegative,03_extraction,reads_lost_too_short,2408,DMF5,P3481_LUCA-TCRDMF5,data/P3481_LUCA-TCRDMF5/03_extracted/per_sample_metrics.tsv,03 extraction
GFB-64247,DMF5CDR3bGIG042xnegative,03_extraction,reads_lost_contains_N,81420,DMF5,P3481_LUCA-TCRDMF5,data/P3481_LUCA-TCRDMF5/03_extracted/per_sample_metrics.tsv,03 extraction
GFB-64247,DMF5CDR3bGIG042xnegative,03_extraction,reads_lost_wrong_length,0,DMF5,P3481_LUCA-TCRDMF5,data/P3481_LUCA-TCRDMF5/03_extracted/per_sample_metrics.tsv,03 extraction
GFB-64247,DMF5CDR3bGIG042xnegative,03_extraction,reads_lost_stop_codon,49068,DMF5,P3481_LUCA-TCRDMF5,data/P3481_LUCA-TCRDMF5/03_extracted/per_sample_metrics.tsv,03 extraction
GFB-64247,DMF5CDR3bGIG042xnegative,03_extraction,reads_lost_validation,123911,DMF5,P3481_LUCA-TCRDMF5,data/P3481_LUCA-TCRDMF5/03_extracted/per_sample_metrics.tsv,03 extraction
GFB-64262,DMF5CDR3bDRG042xpositive,03_extraction,reads_in_total,1300787,DMF5,P3481_LUCA-TCRDMF5,data/P3481_LUCA-TCRDMF5/03_extracted/per_sample_metrics.tsv,03 extraction
GFB-64262,DMF5CDR3bDRG042xpositive,03_extraction,reads_pass,927795,DMF5,P3481_LUCA-TCRDMF5,data/P3481_LUCA-TCRDMF5/03_extracted/per_sample_metrics.tsv,03 extraction
GFB-64262,DMF5CDR3bDRG042xpositive,03_extraction,reads_lost_no_anchor,192576,DMF5,P3481_LUCA-TCRDMF5,data/P3481_LUCA-TCRDMF5/03_extracted/per_sample_metrics.tsv,03 extraction
GFB-64262,DMF5CDR3bDRG042xpositive,03_extraction,reads_lost_too_short,1907,DMF5,P3481_LUCA-TCRDMF5,data/P3481_LUCA-TCRDMF5/03_extracted/per_sample_metrics.tsv,03 extraction
GFB-64262,DMF5CDR3bDRG042xpositive,03_extraction,reads_lost_contains_N,56607,DMF5,P3481_LUCA-TCRDMF5,data/P3481_LUCA-TCRDMF5/03_extracted/per_sample_metrics.tsv,03 extraction
GFB-64262,DMF5CDR3bDRG042xpositive,03_extraction,reads_lost_wrong_length,0,DMF5,P3481_LUCA-TCRDMF5,data/P3481_LUCA-TCRDMF5/03_extracted/per_sample_metrics.tsv,03 extraction
GFB-64262,DMF5CDR3bDRG042xpositive,03_extraction,reads_lost_stop_codon,36403,DMF5,P3481_LUCA-TCRDMF5,data/P3481_LUCA-TCRDMF5/03_extracted/per_sample_metrics.tsv,03 extraction
GFB-64262,DMF5CDR3bDRG042xpositive,03_extraction,reads_lost_validation,85499,DMF5,P3481_LUCA-TCRDMF5,data/P3481_LUCA-TCRDMF5/03_extracted/per_sample_metrics.tsv,03 extraction
GFB-61811,clibMAGE-A32xnegative,01_preprocessing,reads_in_total,110056331,TCRA3,P3408_LUCA-TCRA3,data/P3408_LUCA-TCRA3/01_preprocessed/10_05_2026_minLenght191_QScore30/per_sample_metrics.tsv,01 preprocessing
GFB-61811,clibMAGE-A32xnegative,01_preprocessing,reads_out_total,36523993,TCRA3,P3408_LUCA-TCRA3,data/P3408_LUCA-TCRA3/01_preprocessed/10_05_2026_minLenght191_QScore30/per_sample_metrics.tsv,01 preprocessing
GFB-61811,clibMAGE-A32xnegative,01_preprocessing,reads_lost_trimming,73532338,TCRA3,P3408_LUCA-TCRA3,data/P3408_LUCA-TCRA3/01_preprocessed/10_05_2026_minLenght191_QScore30/per_sample_metrics.tsv,01 preprocessing
GFB-61811,clibMAGE-A32xnegative,01_preprocessing,n_input_fastqs,4,TCRA3,P3408_LUCA-TCRA3,data/P3408_LUCA-TCRA3/01_preprocessed/10_05_2026_minLenght191_QScore30/per_sample_metrics.tsv,01 preprocessing
GFB-61812,clibTitin2xnegative,01_preprocessing,reads_in_total,71231541,TCRA3,P3408_LUCA-TCRA3,data/P3408_LUCA-TCRA3/01_preprocessed/10_05_2026_minLenght191_QScore30/per_sample_metrics.tsv,01 preprocessing
GFB-61812,clibTitin2xnegative,01_preprocessing,reads_out_total,26987943,TCRA3,P3408_LUCA-TCRA3,data/P3408_LUCA-TCRA3/01_preprocessed/10_05_2026_minLenght191_QScore30/per_sample_metrics.tsv,01 preprocessing
GFB-61812,clibTitin2xnegative,01_preprocessing,reads_lost_trimming,44243598,TCRA3,P3408_LUCA-TCRA3,data/P3408_LUCA-TCRA3/01_preprocessed/10_05_2026_minLenght191_QScore30/per_sample_metrics.tsv,01 preprocessing
GFB-61812,clibTitin2xnegative,01_preprocessing,n_input_fastqs,4,TCRA3,P3408_LUCA-TCRA3,data/P3408_LUCA-TCRA3/01_preprocessed/10_05_2026_minLenght191_QScore30/per_sample_metrics.tsv,01 preprocessing
GFB-61813,clibKH1582xnegative,01_preprocessing,reads_in_total,82776670,TCRA3,P3408_LUCA-TCRA3,data/P3408_LUCA-TCRA3/01_preprocessed/10_05_2026_minLenght191_QScore30/per_sample_metrics.tsv,01 preprocessing
GFB-61813,clibKH1582xnegative,01_preprocessing,reads_out_total,31331769,TCRA3,P3408_LUCA-TCRA3,data/P3408_LUCA-TCRA3/01_preprocessed/10_05_2026_minLenght191_QScore30/per_sample_metrics.tsv,01 preprocessing
GFB-61813,clibKH1582xnegative,01_preprocessing,reads_lost_trimming,51444901,TCRA3,P3408_LUCA-TCRA3,data/P3408_LUCA-TCRA3/01_preprocessed/10_05_2026_minLenght191_QScore30/per_sample_metrics.tsv,01 preprocessing
GFB-61813,clibKH1582xnegative,01_preprocessing,n_input_fastqs,4,TCRA3,P3408_LUCA-TCRA3,data/P3408_LUCA-TCRA3/01_preprocessed/10_05_2026_minLenght191_QScore30/per_sample_metrics.tsv,01 preprocessing
GFB-61814,clibKH1592xnegative,01_preprocessing,reads_in_total,112056719,TCRA3,P3408_LUCA-TCRA3,data/P3408_LUCA-TCRA3/01_preprocessed/10_05_2026_minLenght191_QScore30/per_sample_metrics.tsv,01 preprocessing
GFB-61814,clibKH1592xnegative,01_preprocessing,reads_out_total,45711036,TCRA3,P3408_LUCA-TCRA3,data/P3408_LUCA-TCRA3/01_preprocessed/10_05_2026_minLenght191_QScore30/per_sample_metrics.tsv,01 preprocessing
GFB-61814,clibKH1592xnegative,01_preprocessing,reads_lost_trimming,66345683,TCRA3,P3408_LUCA-TCRA3,data/P3408_LUCA-TCRA3/01_preprocessed/10_05_2026_minLenght191_QScore30/per_sample_metrics.tsv,01 preprocessing
GFB-61814,clibKH1592xnegative,01_preprocessing,n_input_fastqs,4,TCRA3,P3408_LUCA-TCRA3,data/P3408_LUCA-TCRA3/01_preprocessed/10_05_2026_minLenght191_QScore30/per_sample_metrics.tsv,01 preprocessing
GFB-61815,clibKH1602xnegative,01_preprocessing,reads_in_total,68232292,TCRA3,P3408_LUCA-TCRA3,data/P3408_LUCA-TCRA3/01_preprocessed/10_05_2026_minLenght191_QScore30/per_sample_metrics.tsv,01 preprocessing
GFB-61815,clibKH1602xnegative,01_preprocessing,reads_out_total,24620388,TCRA3,P3408_LUCA-TCRA3,data/P3408_LUCA-TCRA3/01_preprocessed/10_05_2026_minLenght191_QScore30/per_sample_metrics.tsv,01 preprocessing
GFB-61815,clibKH1602xnegative,01_preprocessing,reads_lost_trimming,43611904,TCRA3,P3408_LUCA-TCRA3,data/P3408_LUCA-TCRA3/01_preprocessed/10_05_2026_minLenght191_QScore30/per_sample_metrics.tsv,01 preprocessing
GFB-61815,clibKH1602xnegative,01_preprocessing,n_input_fastqs,4,TCRA3,P3408_LUCA-TCRA3,data/P3408_LUCA-TCRA3/01_preprocessed/10_05_2026_minLenght191_QScore30/per_sample_metrics.tsv,01 preprocessing
GFB-61816,clibKH1632xnegative,01_preprocessing,reads_in_total,77101687,TCRA3,P3408_LUCA-TCRA3,data/P3408_LUCA-TCRA3/01_preprocessed/10_05_2026_minLenght191_QScore30/per_sample_metrics.tsv,01 preprocessing
GFB-61816,clibKH1632xnegative,01_preprocessing,reads_out_total,29684898,TCRA3,P3408_LUCA-TCRA3,data/P3408_LUCA-TCRA3/01_preprocessed/10_05_2026_minLenght191_QScore30/per_sample_metrics.tsv,01 preprocessing
GFB-61816,clibKH1632xnegative,01_preprocessing,reads_lost_trimming,47416789,TCRA3,P3408_LUCA-TCRA3,data/P3408_LUCA-TCRA3/01_preprocessed/10_05_2026_minLenght191_QScore30/per_sample_metrics.tsv,01 preprocessing
GFB-61816,clibKH1632xnegative,01_preprocessing,n_input_fastqs,4,TCRA3,P3408_LUCA-TCRA3,data/P3408_LUCA-TCRA3/01_preprocessed/10_05_2026_minLenght191_QScore30/per_sample_metrics.tsv,01 preprocessing
GFB-61817,clibKH1642xnegative,01_preprocessing,reads_in_total,38146642,TCRA3,P3408_LUCA-TCRA3,data/P3408_LUCA-TCRA3/01_preprocessed/10_05_2026_minLenght191_QScore30/per_sample_metrics.tsv,01 preprocessing
GFB-61817,clibKH1642xnegative,01_preprocessing,reads_out_total,11389295,TCRA3,P3408_LUCA-TCRA3,data/P3408_LUCA-TCRA3/01_preprocessed/10_05_2026_minLenght191_QScore30/per_sample_metrics.tsv,01 preprocessing
GFB-61817,clibKH1642xnegative,01_preprocessing,reads_lost_trimming,26757347,TCRA3,P3408_LUCA-TCRA3,data/P3408_LUCA-TCRA3/01_preprocessed/10_05_2026_minLenght191_QScore30/per_sample_metrics.tsv,01 preprocessing
GFB-61817,clibKH1642xnegative,01_preprocessing,n_input_fastqs,4,TCRA3,P3408_LUCA-TCRA3,data/P3408_LUCA-TCRA3/01_preprocessed/10_05_2026_minLenght191_QScore30/per_sample_metrics.tsv,01 preprocessing
GFB-61818,clibKH1652xnegative,01_preprocessing,reads_in_total,128649198,TCRA3,P3408_LUCA-TCRA3,data/P3408_LUCA-TCRA3/01_preprocessed/10_05_2026_minLenght191_QScore30/per_sample_metrics.tsv,01 preprocessing
GFB-61818,clibKH1652xnegative,01_preprocessing,reads_out_total,50629165,TCRA3,P3408_LUCA-TCRA3,data/P3408_LUCA-TCRA3/01_preprocessed/10_05_2026_minLenght191_QScore30/per_sample_metrics.tsv,01 preprocessing
GFB-61818,clibKH1652xnegative,01_preprocessing,reads_lost_trimming,78020033,TCRA3,P3408_LUCA-TCRA3,data/P3408_LUCA-TCRA3/01_preprocessed/10_05_2026_minLenght191_QScore30/per_sample_metrics.tsv,01 preprocessing
GFB-61818,clibKH1652xnegative,01_preprocessing,n_input_fastqs,4,TCRA3,P3408_LUCA-TCRA3,data/P3408_LUCA-TCRA3/01_preprocessed/10_05_2026_minLenght191_QScore30/per_sample_metrics.tsv,01 preprocessing
GFB-61819,clibKH1672xnegative,01_preprocessing,reads_in_total,142717391,TCRA3,P3408_LUCA-TCRA3,data/P3408_LUCA-TCRA3/01_preprocessed/10_05_2026_minLenght191_QScore30/per_sample_metrics.tsv,01 preprocessing
GFB-61819,clibKH1672xnegative,01_preprocessing,reads_out_total,67820817,TCRA3,P3408_LUCA-TCRA3,data/P3408_LUCA-TCRA3/01_preprocessed/10_05_2026_minLenght191_QScore30/per_sample_metrics.tsv,01 preprocessing
GFB-61819,clibKH1672xnegative,01_preprocessing,reads_lost_trimming,74896574,TCRA3,P3408_LUCA-TCRA3,data/P3408_LUCA-TCRA3/01_preprocessed/10_05_2026_minLenght191_QScore30/per_sample_metrics.tsv,01 preprocessing
GFB-61819,clibKH1672xnegative,01_preprocessing,n_input_fastqs,4,TCRA3,P3408_LUCA-TCRA3,data/P3408_LUCA-TCRA3/01_preprocessed/10_05_2026_minLenght191_QScore30/per_sample_metrics.tsv,01 preprocessing
GFB-61820,clibMAGE-A32xpositive,01_preprocessing,reads_in_total,4668030,TCRA3,P3408_LUCA-TCRA3,data/P3408_LUCA-TCRA3/01_preprocessed/10_05_2026_minLenght191_QScore30/per_sample_metrics.tsv,01 preprocessing
GFB-61820,clibMAGE-A32xpositive,01_preprocessing,reads_out_total,1939635,TCRA3,P3408_LUCA-TCRA3,data/P3408_LUCA-TCRA3/01_preprocessed/10_05_2026_minLenght191_QScore30/per_sample_metrics.tsv,01 preprocessing
GFB-61820,clibMAGE-A32xpositive,01_preprocessing,reads_lost_trimming,2728395,TCRA3,P3408_LUCA-TCRA3,data/P3408_LUCA-TCRA3/01_preprocessed/10_05_2026_minLenght191_QScore30/per_sample_metrics.tsv,01 preprocessing
GFB-61820,clibMAGE-A32xpositive,01_preprocessing,n_input_fastqs,4,TCRA3,P3408_LUCA-TCRA3,data/P3408_LUCA-TCRA3/01_preprocessed/10_05_2026_minLenght191_QScore30/per_sample_metrics.tsv,01 preprocessing
GFB-61821,clibTitin2xpositive,01_preprocessing,reads_in_total,5842218,TCRA3,P3408_LUCA-TCRA3,data/P3408_LUCA-TCRA3/01_preprocessed/10_05_2026_minLenght191_QScore30/per_sample_metrics.tsv,01 preprocessing
GFB-61821,clibTitin2xpositive,01_preprocessing,reads_out_total,2294785,TCRA3,P3408_LUCA-TCRA3,data/P3408_LUCA-TCRA3/01_preprocessed/10_05_2026_minLenght191_QScore30/per_sample_metrics.tsv,01 preprocessing
GFB-61821,clibTitin2xpositive,01_preprocessing,reads_lost_trimming,3547433,TCRA3,P3408_LUCA-TCRA3,data/P3408_LUCA-TCRA3/01_preprocessed/10_05_2026_minLenght191_QScore30/per_sample_metrics.tsv,01 preprocessing
GFB-61821,clibTitin2xpositive,01_preprocessing,n_input_fastqs,4,TCRA3,P3408_LUCA-TCRA3,data/P3408_LUCA-TCRA3/01_preprocessed/10_05_2026_minLenght191_QScore30/per_sample_metrics.tsv,01 preprocessing
GFB-61822,clibMAGE-A33xpositive,01_preprocessing,reads_in_total,1863230,TCRA3,P3408_LUCA-TCRA3,data/P3408_LUCA-TCRA3/01_preprocessed/10_05_2026_minLenght191_QScore30/per_sample_metrics.tsv,01 preprocessing
GFB-61822,clibMAGE-A33xpositive,01_preprocessing,reads_out_total,778347,TCRA3,P3408_LUCA-TCRA3,data/P3408_LUCA-TCRA3/01_preprocessed/10_05_2026_minLenght191_QScore30/per_sample_metrics.tsv,01 preprocessing
GFB-61822,clibMAGE-A33xpositive,01_preprocessing,reads_lost_trimming,1084883,TCRA3,P3408_LUCA-TCRA3,data/P3408_LUCA-TCRA3/01_preprocessed/10_05_2026_minLenght191_QScore30/per_sample_metrics.tsv,01 preprocessing
GFB-61822,clibMAGE-A33xpositive,01_preprocessing,n_input_fastqs,4,TCRA3,P3408_LUCA-TCRA3,data/P3408_LUCA-TCRA3/01_preprocessed/10_05_2026_minLenght191_QScore30/per_sample_metrics.tsv,01 preprocessing
GFB-61823,clibTitin3xpositive,01_preprocessing,reads_in_total,7211352,TCRA3,P3408_LUCA-TCRA3,data/P3408_LUCA-TCRA3/01_preprocessed/10_05_2026_minLenght191_QScore30/per_sample_metrics.tsv,01 preprocessing
GFB-61823,clibTitin3xpositive,01_preprocessing,reads_out_total,2844581,TCRA3,P3408_LUCA-TCRA3,data/P3408_LUCA-TCRA3/01_preprocessed/10_05_2026_minLenght191_QScore30/per_sample_metrics.tsv,01 preprocessing
GFB-61823,clibTitin3xpositive,01_preprocessing,reads_lost_trimming,4366771,TCRA3,P3408_LUCA-TCRA3,data/P3408_LUCA-TCRA3/01_preprocessed/10_05_2026_minLenght191_QScore30/per_sample_metrics.tsv,01 preprocessing
GFB-61823,clibTitin3xpositive,01_preprocessing,n_input_fastqs,4,TCRA3,P3408_LUCA-TCRA3,data/P3408_LUCA-TCRA3/01_preprocessed/10_05_2026_minLenght191_QScore30/per_sample_metrics.tsv,01 preprocessing
GFB-61824,clibKH1583xpositive,01_preprocessing,reads_in_total,8011224,TCRA3,P3408_LUCA-TCRA3,data/P3408_LUCA-TCRA3/01_preprocessed/10_05_2026_minLenght191_QScore30/per_sample_metrics.tsv,01 preprocessing
GFB-61824,clibKH1583xpositive,01_preprocessing,reads_out_total,3434860,TCRA3,P3408_LUCA-TCRA3,data/P3408_LUCA-TCRA3/01_preprocessed/10_05_2026_minLenght191_QScore30/per_sample_metrics.tsv,01 preprocessing
GFB-61824,clibKH1583xpositive,01_preprocessing,reads_lost_trimming,4576364,TCRA3,P3408_LUCA-TCRA3,data/P3408_LUCA-TCRA3/01_preprocessed/10_05_2026_minLenght191_QScore30/per_sample_metrics.tsv,01 preprocessing
GFB-61824,clibKH1583xpositive,01_preprocessing,n_input_fastqs,4,TCRA3,P3408_LUCA-TCRA3,data/P3408_LUCA-TCRA3/01_preprocessed/10_05_2026_minLenght191_QScore30/per_sample_metrics.tsv,01 preprocessing
GFB-61825,clibKH1593xpositive,01_preprocessing,reads_in_total,6001466,TCRA3,P3408_LUCA-TCRA3,data/P3408_LUCA-TCRA3/01_preprocessed/10_05_2026_minLenght191_QScore30/per_sample_metrics.tsv,01 preprocessing
GFB-61825,clibKH1593xpositive,01_preprocessing,reads_out_total,2613139,TCRA3,P3408_LUCA-TCRA3,data/P3408_LUCA-TCRA3/01_preprocessed/10_05_2026_minLenght191_QScore30/per_sample_metrics.tsv,01 preprocessing
GFB-61825,clibKH1593xpositive,01_preprocessing,reads_lost_trimming,3388327,TCRA3,P3408_LUCA-TCRA3,data/P3408_LUCA-TCRA3/01_preprocessed/10_05_2026_minLenght191_QScore30/per_sample_metrics.tsv,01 preprocessing
GFB-61825,clibKH1593xpositive,01_preprocessing,n_input_fastqs,4,TCRA3,P3408_LUCA-TCRA3,data/P3408_LUCA-TCRA3/01_preprocessed/10_05_2026_minLenght191_QScore30/per_sample_metrics.tsv,01 preprocessing
GFB-61826,clibKH1603xpositive,01_preprocessing,reads_in_total,12753762,TCRA3,P3408_LUCA-TCRA3,data/P3408_LUCA-TCRA3/01_preprocessed/10_05_2026_minLenght191_QScore30/per_sample_metrics.tsv,01 preprocessing
GFB-61826,clibKH1603xpositive,01_preprocessing,reads_out_total,5779482,TCRA3,P3408_LUCA-TCRA3,data/P3408_LUCA-TCRA3/01_preprocessed/10_05_2026_minLenght191_QScore30/per_sample_metrics.tsv,01 preprocessing
GFB-61826,clibKH1603xpositive,01_preprocessing,reads_lost_trimming,6974280,TCRA3,P3408_LUCA-TCRA3,data/P3408_LUCA-TCRA3/01_preprocessed/10_05_2026_minLenght191_QScore30/per_sample_metrics.tsv,01 preprocessing
GFB-61826,clibKH1603xpositive,01_preprocessing,n_input_fastqs,4,TCRA3,P3408_LUCA-TCRA3,data/P3408_LUCA-TCRA3/01_preprocessed/10_05_2026_minLenght191_QScore30/per_sample_metrics.tsv,01 preprocessing
GFB-61827,clibKH1633xpositive,01_preprocessing,reads_in_total,7485891,TCRA3,P3408_LUCA-TCRA3,data/P3408_LUCA-TCRA3/01_preprocessed/10_05_2026_minLenght191_QScore30/per_sample_metrics.tsv,01 preprocessing
GFB-61827,clibKH1633xpositive,01_preprocessing,reads_out_total,2981381,TCRA3,P3408_LUCA-TCRA3,data/P3408_LUCA-TCRA3/01_preprocessed/10_05_2026_minLenght191_QScore30/per_sample_metrics.tsv,01 preprocessing
GFB-61827,clibKH1633xpositive,01_preprocessing,reads_lost_trimming,4504510,TCRA3,P3408_LUCA-TCRA3,data/P3408_LUCA-TCRA3/01_preprocessed/10_05_2026_minLenght191_QScore30/per_sample_metrics.tsv,01 preprocessing
GFB-61827,clibKH1633xpositive,01_preprocessing,n_input_fastqs,4,TCRA3,P3408_LUCA-TCRA3,data/P3408_LUCA-TCRA3/01_preprocessed/10_05_2026_minLenght191_QScore30/per_sample_metrics.tsv,01 preprocessing
GFB-61828,clibKH1643xpositive,01_preprocessing,reads_in_total,4928222,TCRA3,P3408_LUCA-TCRA3,data/P3408_LUCA-TCRA3/01_preprocessed/10_05_2026_minLenght191_QScore30/per_sample_metrics.tsv,01 preprocessing
GFB-61828,clibKH1643xpositive,01_preprocessing,reads_out_total,1973580,TCRA3,P3408_LUCA-TCRA3,data/P3408_LUCA-TCRA3/01_preprocessed/10_05_2026_minLenght191_QScore30/per_sample_metrics.tsv,01 preprocessing
GFB-61828,clibKH1643xpositive,01_preprocessing,reads_lost_trimming,2954642,TCRA3,P3408_LUCA-TCRA3,data/P3408_LUCA-TCRA3/01_preprocessed/10_05_2026_minLenght191_QScore30/per_sample_metrics.tsv,01 preprocessing
GFB-61828,clibKH1643xpositive,01_preprocessing,n_input_fastqs,4,TCRA3,P3408_LUCA-TCRA3,data/P3408_LUCA-TCRA3/01_preprocessed/10_05_2026_minLenght191_QScore30/per_sample_metrics.tsv,01 preprocessing
GFB-61829,clibKH1653xpositive,01_preprocessing,reads_in_total,5723136,TCRA3,P3408_LUCA-TCRA3,data/P3408_LUCA-TCRA3/01_preprocessed/10_05_2026_minLenght191_QScore30/per_sample_metrics.tsv,01 preprocessing
GFB-61829,clibKH1653xpositive,01_preprocessing,reads_out_total,2350930,TCRA3,P3408_LUCA-TCRA3,data/P3408_LUCA-TCRA3/01_preprocessed/10_05_2026_minLenght191_QScore30/per_sample_metrics.tsv,01 preprocessing
GFB-61829,clibKH1653xpositive,01_preprocessing,reads_lost_trimming,3372206,TCRA3,P3408_LUCA-TCRA3,data/P3408_LUCA-TCRA3/01_preprocessed/10_05_2026_minLenght191_QScore30/per_sample_metrics.tsv,01 preprocessing
GFB-61829,clibKH1653xpositive,01_preprocessing,n_input_fastqs,4,TCRA3,P3408_LUCA-TCRA3,data/P3408_LUCA-TCRA3/01_preprocessed/10_05_2026_minLenght191_QScore30/per_sample_metrics.tsv,01 preprocessing
GFB-61830,clibKH1673xpositive,01_preprocessing,reads_in_total,7172561,TCRA3,P3408_LUCA-TCRA3,data/P3408_LUCA-TCRA3/01_preprocessed/10_05_2026_minLenght191_QScore30/per_sample_metrics.tsv,01 preprocessing
GFB-61830,clibKH1673xpositive,01_preprocessing,reads_out_total,2674871,TCRA3,P3408_LUCA-TCRA3,data/P3408_LUCA-TCRA3/01_preprocessed/10_05_2026_minLenght191_QScore30/per_sample_metrics.tsv,01 preprocessing
GFB-61830,clibKH1673xpositive,01_preprocessing,reads_lost_trimming,4497690,TCRA3,P3408_LUCA-TCRA3,data/P3408_LUCA-TCRA3/01_preprocessed/10_05_2026_minLenght191_QScore30/per_sample_metrics.tsv,01 preprocessing
GFB-61830,clibKH1673xpositive,01_preprocessing,n_input_fastqs,4,TCRA3,P3408_LUCA-TCRA3,data/P3408_LUCA-TCRA3/01_preprocessed/10_05_2026_minLenght191_QScore30/per_sample_metrics.tsv,01 preprocessing
GFB-61831,clibMAGE-A331xpositive,01_preprocessing,reads_in_total,23305096,TCRA3,P3408_LUCA-TCRA3,data/P3408_LUCA-TCRA3/01_preprocessed/10_05_2026_minLenght191_QScore30/per_sample_metrics.tsv,01 preprocessing
GFB-61831,clibMAGE-A331xpositive,01_preprocessing,reads_out_total,10332620,TCRA3,P3408_LUCA-TCRA3,data/P3408_LUCA-TCRA3/01_preprocessed/10_05_2026_minLenght191_QScore30/per_sample_metrics.tsv,01 preprocessing
GFB-61831,clibMAGE-A331xpositive,01_preprocessing,reads_lost_trimming,12972476,TCRA3,P3408_LUCA-TCRA3,data/P3408_LUCA-TCRA3/01_preprocessed/10_05_2026_minLenght191_QScore30/per_sample_metrics.tsv,01 preprocessing
GFB-61831,clibMAGE-A331xpositive,01_preprocessing,n_input_fastqs,4,TCRA3,P3408_LUCA-TCRA3,data/P3408_LUCA-TCRA3/01_preprocessed/10_05_2026_minLenght191_QScore30/per_sample_metrics.tsv,01 preprocessing
GFB-61832,clibTitin31xpositive,01_preprocessing,reads_in_total,2133758,TCRA3,P3408_LUCA-TCRA3,data/P3408_LUCA-TCRA3/01_preprocessed/10_05_2026_minLenght191_QScore30/per_sample_metrics.tsv,01 preprocessing
GFB-61832,clibTitin31xpositive,01_preprocessing,reads_out_total,771710,TCRA3,P3408_LUCA-TCRA3,data/P3408_LUCA-TCRA3/01_preprocessed/10_05_2026_minLenght191_QScore30/per_sample_metrics.tsv,01 preprocessing
GFB-61832,clibTitin31xpositive,01_preprocessing,reads_lost_trimming,1362048,TCRA3,P3408_LUCA-TCRA3,data/P3408_LUCA-TCRA3/01_preprocessed/10_05_2026_minLenght191_QScore30/per_sample_metrics.tsv,01 preprocessing
GFB-61832,clibTitin31xpositive,01_preprocessing,n_input_fastqs,4,TCRA3,P3408_LUCA-TCRA3,data/P3408_LUCA-TCRA3/01_preprocessed/10_05_2026_minLenght191_QScore30/per_sample_metrics.tsv,01 preprocessing
GFB-61833,clibKH15831xpositive,01_preprocessing,reads_in_total,17264280,TCRA3,P3408_LUCA-TCRA3,data/P3408_LUCA-TCRA3/01_preprocessed/10_05_2026_minLenght191_QScore30/per_sample_metrics.tsv,01 preprocessing
GFB-61833,clibKH15831xpositive,01_preprocessing,reads_out_total,8251242,TCRA3,P3408_LUCA-TCRA3,data/P3408_LUCA-TCRA3/01_preprocessed/10_05_2026_minLenght191_QScore30/per_sample_metrics.tsv,01 preprocessing
GFB-61833,clibKH15831xpositive,01_preprocessing,reads_lost_trimming,9013038,TCRA3,P3408_LUCA-TCRA3,data/P3408_LUCA-TCRA3/01_preprocessed/10_05_2026_minLenght191_QScore30/per_sample_metrics.tsv,01 preprocessing
GFB-61833,clibKH15831xpositive,01_preprocessing,n_input_fastqs,4,TCRA3,P3408_LUCA-TCRA3,data/P3408_LUCA-TCRA3/01_preprocessed/10_05_2026_minLenght191_QScore30/per_sample_metrics.tsv,01 preprocessing
GFB-61834,clibKH15931xpositive,01_preprocessing,reads_in_total,13694509,TCRA3,P3408_LUCA-TCRA3,data/P3408_LUCA-TCRA3/01_preprocessed/10_05_2026_minLenght191_QScore30/per_sample_metrics.tsv,01 preprocessing
GFB-61834,clibKH15931xpositive,01_preprocessing,reads_out_total,6382047,TCRA3,P3408_LUCA-TCRA3,data/P3408_LUCA-TCRA3/01_preprocessed/10_05_2026_minLenght191_QScore30/per_sample_metrics.tsv,01 preprocessing
GFB-61834,clibKH15931xpositive,01_preprocessing,reads_lost_trimming,7312462,TCRA3,P3408_LUCA-TCRA3,data/P3408_LUCA-TCRA3/01_preprocessed/10_05_2026_minLenght191_QScore30/per_sample_metrics.tsv,01 preprocessing
GFB-61834,clibKH15931xpositive,01_preprocessing,n_input_fastqs,4,TCRA3,P3408_LUCA-TCRA3,data/P3408_LUCA-TCRA3/01_preprocessed/10_05_2026_minLenght191_QScore30/per_sample_metrics.tsv,01 preprocessing
GFB-61835,clibKH16031xpositive,01_preprocessing,reads_in_total,11044124,TCRA3,P3408_LUCA-TCRA3,data/P3408_LUCA-TCRA3/01_preprocessed/10_05_2026_minLenght191_QScore30/per_sample_metrics.tsv,01 preprocessing
GFB-61835,clibKH16031xpositive,01_preprocessing,reads_out_total,3788906,TCRA3,P3408_LUCA-TCRA3,data/P3408_LUCA-TCRA3/01_preprocessed/10_05_2026_minLenght191_QScore30/per_sample_metrics.tsv,01 preprocessing
GFB-61835,clibKH16031xpositive,01_preprocessing,reads_lost_trimming,7255218,TCRA3,P3408_LUCA-TCRA3,data/P3408_LUCA-TCRA3/01_preprocessed/10_05_2026_minLenght191_QScore30/per_sample_metrics.tsv,01 preprocessing
GFB-61835,clibKH16031xpositive,01_preprocessing,n_input_fastqs,4,TCRA3,P3408_LUCA-TCRA3,data/P3408_LUCA-TCRA3/01_preprocessed/10_05_2026_minLenght191_QScore30/per_sample_metrics.tsv,01 preprocessing
GFB-61836,clibKH16331xpositive,01_preprocessing,reads_in_total,8545515,TCRA3,P3408_LUCA-TCRA3,data/P3408_LUCA-TCRA3/01_preprocessed/10_05_2026_minLenght191_QScore30/per_sample_metrics.tsv,01 preprocessing
GFB-61836,clibKH16331xpositive,01_preprocessing,reads_out_total,3452651,TCRA3,P3408_LUCA-TCRA3,data/P3408_LUCA-TCRA3/01_preprocessed/10_05_2026_minLenght191_QScore30/per_sample_metrics.tsv,01 preprocessing
GFB-61836,clibKH16331xpositive,01_preprocessing,reads_lost_trimming,5092864,TCRA3,P3408_LUCA-TCRA3,data/P3408_LUCA-TCRA3/01_preprocessed/10_05_2026_minLenght191_QScore30/per_sample_metrics.tsv,01 preprocessing
GFB-61836,clibKH16331xpositive,01_preprocessing,n_input_fastqs,4,TCRA3,P3408_LUCA-TCRA3,data/P3408_LUCA-TCRA3/01_preprocessed/10_05_2026_minLenght191_QScore30/per_sample_metrics.tsv,01 preprocessing
GFB-61837,clibKH16431xpositive,01_preprocessing,reads_in_total,3019816,TCRA3,P3408_LUCA-TCRA3,data/P3408_LUCA-TCRA3/01_preprocessed/10_05_2026_minLenght191_QScore30/per_sample_metrics.tsv,01 preprocessing
GFB-61837,clibKH16431xpositive,01_preprocessing,reads_out_total,1143600,TCRA3,P3408_LUCA-TCRA3,data/P3408_LUCA-TCRA3/01_preprocessed/10_05_2026_minLenght191_QScore30/per_sample_metrics.tsv,01 preprocessing
GFB-61837,clibKH16431xpositive,01_preprocessing,reads_lost_trimming,1876216,TCRA3,P3408_LUCA-TCRA3,data/P3408_LUCA-TCRA3/01_preprocessed/10_05_2026_minLenght191_QScore30/per_sample_metrics.tsv,01 preprocessing
GFB-61837,clibKH16431xpositive,01_preprocessing,n_input_fastqs,4,TCRA3,P3408_LUCA-TCRA3,data/P3408_LUCA-TCRA3/01_preprocessed/10_05_2026_minLenght191_QScore30/per_sample_metrics.tsv,01 preprocessing
GFB-61838,clibKH16531xpositive,01_preprocessing,reads_in_total,3528900,TCRA3,P3408_LUCA-TCRA3,data/P3408_LUCA-TCRA3/01_preprocessed/10_05_2026_minLenght191_QScore30/per_sample_metrics.tsv,01 preprocessing
GFB-61838,clibKH16531xpositive,01_preprocessing,reads_out_total,1451511,TCRA3,P3408_LUCA-TCRA3,data/P3408_LUCA-TCRA3/01_preprocessed/10_05_2026_minLenght191_QScore30/per_sample_metrics.tsv,01 preprocessing
GFB-61838,clibKH16531xpositive,01_preprocessing,reads_lost_trimming,2077389,TCRA3,P3408_LUCA-TCRA3,data/P3408_LUCA-TCRA3/01_preprocessed/10_05_2026_minLenght191_QScore30/per_sample_metrics.tsv,01 preprocessing
GFB-61838,clibKH16531xpositive,01_preprocessing,n_input_fastqs,4,TCRA3,P3408_LUCA-TCRA3,data/P3408_LUCA-TCRA3/01_preprocessed/10_05_2026_minLenght191_QScore30/per_sample_metrics.tsv,01 preprocessing
GFB-61839,clibKH16731xpositive,01_preprocessing,reads_in_total,5393875,TCRA3,P3408_LUCA-TCRA3,data/P3408_LUCA-TCRA3/01_preprocessed/10_05_2026_minLenght191_QScore30/per_sample_metrics.tsv,01 preprocessing
GFB-61839,clibKH16731xpositive,01_preprocessing,reads_out_total,2081751,TCRA3,P3408_LUCA-TCRA3,data/P3408_LUCA-TCRA3/01_preprocessed/10_05_2026_minLenght191_QScore30/per_sample_metrics.tsv,01 preprocessing
GFB-61839,clibKH16731xpositive,01_preprocessing,reads_lost_trimming,3312124,TCRA3,P3408_LUCA-TCRA3,data/P3408_LUCA-TCRA3/01_preprocessed/10_05_2026_minLenght191_QScore30/per_sample_metrics.tsv,01 preprocessing
GFB-61839,clibKH16731xpositive,01_preprocessing,n_input_fastqs,4,TCRA3,P3408_LUCA-TCRA3,data/P3408_LUCA-TCRA3/01_preprocessed/10_05_2026_minLenght191_QScore30/per_sample_metrics.tsv,01 preprocessing
GFB-61840,cliboriginallib,01_preprocessing,reads_in_total,113052526,TCRA3,P3408_LUCA-TCRA3,data/P3408_LUCA-TCRA3/01_preprocessed/10_05_2026_minLenght191_QScore30/per_sample_metrics.tsv,01 preprocessing
GFB-61840,cliboriginallib,01_preprocessing,reads_out_total,44651295,TCRA3,P3408_LUCA-TCRA3,data/P3408_LUCA-TCRA3/01_preprocessed/10_05_2026_minLenght191_QScore30/per_sample_metrics.tsv,01 preprocessing
GFB-61840,cliboriginallib,01_preprocessing,reads_lost_trimming,68401231,TCRA3,P3408_LUCA-TCRA3,data/P3408_LUCA-TCRA3/01_preprocessed/10_05_2026_minLenght191_QScore30/per_sample_metrics.tsv,01 preprocessing
GFB-61840,cliboriginallib,01_preprocessing,n_input_fastqs,4,TCRA3,P3408_LUCA-TCRA3,data/P3408_LUCA-TCRA3/01_preprocessed/10_05_2026_minLenght191_QScore30/per_sample_metrics.tsv,01 preprocessing
GFB-61822,clibMAGE-A33xpositive,02_umi_consensus,reads_in,778347,TCRA3,P3408_LUCA-TCRA3,data/P3408_LUCA-TCRA3/02_umi/14_05_2026_FULLRUN/per_sample_metrics.tsv,02 UMI consensus
GFB-61822,clibMAGE-A33xpositive,02_umi_consensus,reads_lost_too_short,0,TCRA3,P3408_LUCA-TCRA3,data/P3408_LUCA-TCRA3/02_umi/14_05_2026_FULLRUN/per_sample_metrics.tsv,02 UMI consensus
GFB-61822,clibMAGE-A33xpositive,02_umi_consensus,reads_lost_no_anchor,19904,TCRA3,P3408_LUCA-TCRA3,data/P3408_LUCA-TCRA3/02_umi/14_05_2026_FULLRUN/per_sample_metrics.tsv,02 UMI consensus
GFB-61822,clibMAGE-A33xpositive,02_umi_consensus,reads_lost_anchor_wrong_pos,2197,TCRA3,P3408_LUCA-TCRA3,data/P3408_LUCA-TCRA3/02_umi/14_05_2026_FULLRUN/per_sample_metrics.tsv,02 UMI consensus
GFB-61822,clibMAGE-A33xpositive,02_umi_consensus,reads_lost_empty_insert,0,TCRA3,P3408_LUCA-TCRA3,data/P3408_LUCA-TCRA3/02_umi/14_05_2026_FULLRUN/per_sample_metrics.tsv,02 UMI consensus
GFB-61822,clibMAGE-A33xpositive,02_umi_consensus,reads_in_consensus,169478,TCRA3,P3408_LUCA-TCRA3,data/P3408_LUCA-TCRA3/02_umi/14_05_2026_FULLRUN/per_sample_metrics.tsv,02 UMI consensus
GFB-61822,clibMAGE-A33xpositive,02_umi_consensus,reads_in_singletons,586768,TCRA3,P3408_LUCA-TCRA3,data/P3408_LUCA-TCRA3/02_umi/14_05_2026_FULLRUN/per_sample_metrics.tsv,02 UMI consensus
GFB-61822,clibMAGE-A33xpositive,02_umi_consensus,umis_total,666094,TCRA3,P3408_LUCA-TCRA3,data/P3408_LUCA-TCRA3/02_umi/14_05_2026_FULLRUN/per_sample_metrics.tsv,02 UMI consensus
GFB-61822,clibMAGE-A33xpositive,02_umi_consensus,umis_consensus,79326,TCRA3,P3408_LUCA-TCRA3,data/P3408_LUCA-TCRA3/02_umi/14_05_2026_FULLRUN/per_sample_metrics.tsv,02 UMI consensus
GFB-61822,clibMAGE-A33xpositive,02_umi_consensus,umis_singleton,586768,TCRA3,P3408_LUCA-TCRA3,data/P3408_LUCA-TCRA3/02_umi/14_05_2026_FULLRUN/per_sample_metrics.tsv,02 UMI consensus
GFB-61832,clibTitin31xpositive,02_umi_consensus,reads_in,771710,TCRA3,P3408_LUCA-TCRA3,data/P3408_LUCA-TCRA3/02_umi/14_05_2026_FULLRUN/per_sample_metrics.tsv,02 UMI consensus
GFB-61832,clibTitin31xpositive,02_umi_consensus,reads_lost_too_short,0,TCRA3,P3408_LUCA-TCRA3,data/P3408_LUCA-TCRA3/02_umi/14_05_2026_FULLRUN/per_sample_metrics.tsv,02 UMI consensus
GFB-61832,clibTitin31xpositive,02_umi_consensus,reads_lost_no_anchor,27446,TCRA3,P3408_LUCA-TCRA3,data/P3408_LUCA-TCRA3/02_umi/14_05_2026_FULLRUN/per_sample_metrics.tsv,02 UMI consensus
GFB-61832,clibTitin31xpositive,02_umi_consensus,reads_lost_anchor_wrong_pos,4359,TCRA3,P3408_LUCA-TCRA3,data/P3408_LUCA-TCRA3/02_umi/14_05_2026_FULLRUN/per_sample_metrics.tsv,02 UMI consensus
GFB-61832,clibTitin31xpositive,02_umi_consensus,reads_lost_empty_insert,0,TCRA3,P3408_LUCA-TCRA3,data/P3408_LUCA-TCRA3/02_umi/14_05_2026_FULLRUN/per_sample_metrics.tsv,02 UMI consensus
GFB-61832,clibTitin31xpositive,02_umi_consensus,reads_in_consensus,294477,TCRA3,P3408_LUCA-TCRA3,data/P3408_LUCA-TCRA3/02_umi/14_05_2026_FULLRUN/per_sample_metrics.tsv,02 UMI consensus
GFB-61832,clibTitin31xpositive,02_umi_consensus,reads_in_singletons,445428,TCRA3,P3408_LUCA-TCRA3,data/P3408_LUCA-TCRA3/02_umi/14_05_2026_FULLRUN/per_sample_metrics.tsv,02 UMI consensus
GFB-61832,clibTitin31xpositive,02_umi_consensus,umis_total,574851,TCRA3,P3408_LUCA-TCRA3,data/P3408_LUCA-TCRA3/02_umi/14_05_2026_FULLRUN/per_sample_metrics.tsv,02 UMI consensus
GFB-61832,clibTitin31xpositive,02_umi_consensus,umis_consensus,129423,TCRA3,P3408_LUCA-TCRA3,data/P3408_LUCA-TCRA3/02_umi/14_05_2026_FULLRUN/per_sample_metrics.tsv,02 UMI consensus
GFB-61832,clibTitin31xpositive,02_umi_consensus,umis_singleton,445428,TCRA3,P3408_LUCA-TCRA3,data/P3408_LUCA-TCRA3/02_umi/14_05_2026_FULLRUN/per_sample_metrics.tsv,02 UMI consensus
GFB-61828,clibKH1643xpositive,02_umi_consensus,reads_in,1973580,TCRA3,P3408_LUCA-TCRA3,data/P3408_LUCA-TCRA3/02_umi/14_05_2026_FULLRUN/per_sample_metrics.tsv,02 UMI consensus
GFB-61828,clibKH1643xpositive,02_umi_consensus,reads_lost_too_short,0,TCRA3,P3408_LUCA-TCRA3,data/P3408_LUCA-TCRA3/02_umi/14_05_2026_FULLRUN/per_sample_metrics.tsv,02 UMI consensus
GFB-61828,clibKH1643xpositive,02_umi_consensus,reads_lost_no_anchor,43377,TCRA3,P3408_LUCA-TCRA3,data/P3408_LUCA-TCRA3/02_umi/14_05_2026_FULLRUN/per_sample_metrics.tsv,02 UMI consensus
GFB-61828,clibKH1643xpositive,02_umi_consensus,reads_lost_anchor_wrong_pos,5127,TCRA3,P3408_LUCA-TCRA3,data/P3408_LUCA-TCRA3/02_umi/14_05_2026_FULLRUN/per_sample_metrics.tsv,02 UMI consensus
GFB-61828,clibKH1643xpositive,02_umi_consensus,reads_lost_empty_insert,0,TCRA3,P3408_LUCA-TCRA3,data/P3408_LUCA-TCRA3/02_umi/14_05_2026_FULLRUN/per_sample_metrics.tsv,02 UMI consensus
GFB-61828,clibKH1643xpositive,02_umi_consensus,reads_in_consensus,838274,TCRA3,P3408_LUCA-TCRA3,data/P3408_LUCA-TCRA3/02_umi/14_05_2026_FULLRUN/per_sample_metrics.tsv,02 UMI consensus
GFB-61828,clibKH1643xpositive,02_umi_consensus,reads_in_singletons,1086802,TCRA3,P3408_LUCA-TCRA3,data/P3408_LUCA-TCRA3/02_umi/14_05_2026_FULLRUN/per_sample_metrics.tsv,02 UMI consensus
GFB-61828,clibKH1643xpositive,02_umi_consensus,umis_total,1446681,TCRA3,P3408_LUCA-TCRA3,data/P3408_LUCA-TCRA3/02_umi/14_05_2026_FULLRUN/per_sample_metrics.tsv,02 UMI consensus
GFB-61828,clibKH1643xpositive,02_umi_consensus,umis_consensus,359879,TCRA3,P3408_LUCA-TCRA3,data/P3408_LUCA-TCRA3/02_umi/14_05_2026_FULLRUN/per_sample_metrics.tsv,02 UMI consensus
GFB-61828,clibKH1643xpositive,02_umi_consensus,umis_singleton,1086802,TCRA3,P3408_LUCA-TCRA3,data/P3408_LUCA-TCRA3/02_umi/14_05_2026_FULLRUN/per_sample_metrics.tsv,02 UMI consensus
GFB-61820,clibMAGE-A32xpositive,02_umi_consensus,reads_in,1939635,TCRA3,P3408_LUCA-TCRA3,data/P3408_LUCA-TCRA3/02_umi/14_05_2026_FULLRUN/per_sample_metrics.tsv,02 UMI consensus
GFB-61820,clibMAGE-A32xpositive,02_umi_consensus,reads_lost_too_short,0,TCRA3,P3408_LUCA-TCRA3,data/P3408_LUCA-TCRA3/02_umi/14_05_2026_FULLRUN/per_sample_metrics.tsv,02 UMI consensus
GFB-61820,clibMAGE-A32xpositive,02_umi_consensus,reads_lost_no_anchor,58441,TCRA3,P3408_LUCA-TCRA3,data/P3408_LUCA-TCRA3/02_umi/14_05_2026_FULLRUN/per_sample_metrics.tsv,02 UMI consensus
GFB-61820,clibMAGE-A32xpositive,02_umi_consensus,reads_lost_anchor_wrong_pos,5427,TCRA3,P3408_LUCA-TCRA3,data/P3408_LUCA-TCRA3/02_umi/14_05_2026_FULLRUN/per_sample_metrics.tsv,02 UMI consensus
GFB-61820,clibMAGE-A32xpositive,02_umi_consensus,reads_lost_empty_insert,0,TCRA3,P3408_LUCA-TCRA3,data/P3408_LUCA-TCRA3/02_umi/14_05_2026_FULLRUN/per_sample_metrics.tsv,02 UMI consensus
GFB-61820,clibMAGE-A32xpositive,02_umi_consensus,reads_in_consensus,936927,TCRA3,P3408_LUCA-TCRA3,data/P3408_LUCA-TCRA3/02_umi/14_05_2026_FULLRUN/per_sample_metrics.tsv,02 UMI consensus
GFB-61820,clibMAGE-A32xpositive,02_umi_consensus,reads_in_singletons,938840,TCRA3,P3408_LUCA-TCRA3,data/P3408_LUCA-TCRA3/02_umi/14_05_2026_FULLRUN/per_sample_metrics.tsv,02 UMI consensus
GFB-61820,clibMAGE-A32xpositive,02_umi_consensus,umis_total,1330055,TCRA3,P3408_LUCA-TCRA3,data/P3408_LUCA-TCRA3/02_umi/14_05_2026_FULLRUN/per_sample_metrics.tsv,02 UMI consensus
GFB-61820,clibMAGE-A32xpositive,02_umi_consensus,umis_consensus,391215,TCRA3,P3408_LUCA-TCRA3,data/P3408_LUCA-TCRA3/02_umi/14_05_2026_FULLRUN/per_sample_metrics.tsv,02 UMI consensus
GFB-61820,clibMAGE-A32xpositive,02_umi_consensus,umis_singleton,938840,TCRA3,P3408_LUCA-TCRA3,data/P3408_LUCA-TCRA3/02_umi/14_05_2026_FULLRUN/per_sample_metrics.tsv,02 UMI consensus
GFB-61837,clibKH16431xpositive,02_umi_consensus,reads_in,1143600,TCRA3,P3408_LUCA-TCRA3,data/P3408_LUCA-TCRA3/02_umi/14_05_2026_FULLRUN/per_sample_metrics.tsv,02 UMI consensus
GFB-61837,clibKH16431xpositive,02_umi_consensus,reads_lost_too_short,0,TCRA3,P3408_LUCA-TCRA3,data/P3408_LUCA-TCRA3/02_umi/14_05_2026_FULLRUN/per_sample_metrics.tsv,02 UMI consensus
GFB-61837,clibKH16431xpositive,02_umi_consensus,reads_lost_no_anchor,47410,TCRA3,P3408_LUCA-TCRA3,data/P3408_LUCA-TCRA3/02_umi/14_05_2026_FULLRUN/per_sample_metrics.tsv,02 UMI consensus
GFB-61837,clibKH16431xpositive,02_umi_consensus,reads_lost_anchor_wrong_pos,3033,TCRA3,P3408_LUCA-TCRA3,data/P3408_LUCA-TCRA3/02_umi/14_05_2026_FULLRUN/per_sample_metrics.tsv,02 UMI consensus
GFB-61837,clibKH16431xpositive,02_umi_consensus,reads_lost_empty_insert,0,TCRA3,P3408_LUCA-TCRA3,data/P3408_LUCA-TCRA3/02_umi/14_05_2026_FULLRUN/per_sample_metrics.tsv,02 UMI consensus
GFB-61837,clibKH16431xpositive,02_umi_consensus,reads_in_consensus,334241,TCRA3,P3408_LUCA-TCRA3,data/P3408_LUCA-TCRA3/02_umi/14_05_2026_FULLRUN/per_sample_metrics.tsv,02 UMI consensus
GFB-61837,clibKH16431xpositive,02_umi_consensus,reads_in_singletons,758916,TCRA3,P3408_LUCA-TCRA3,data/P3408_LUCA-TCRA3/02_umi/14_05_2026_FULLRUN/per_sample_metrics.tsv,02 UMI consensus
GFB-61837,clibKH16431xpositive,02_umi_consensus,umis_total,910660,TCRA3,P3408_LUCA-TCRA3,data/P3408_LUCA-TCRA3/02_umi/14_05_2026_FULLRUN/per_sample_metrics.tsv,02 UMI consensus
GFB-61837,clibKH16431xpositive,02_umi_consensus,umis_consensus,151744,TCRA3,P3408_LUCA-TCRA3,data/P3408_LUCA-TCRA3/02_umi/14_05_2026_FULLRUN/per_sample_metrics.tsv,02 UMI consensus
GFB-61837,clibKH16431xpositive,02_umi_consensus,umis_singleton,758916,TCRA3,P3408_LUCA-TCRA3,data/P3408_LUCA-TCRA3/02_umi/14_05_2026_FULLRUN/per_sample_metrics.tsv,02 UMI consensus
GFB-61821,clibTitin2xpositive,02_umi_consensus,reads_in,2294785,TCRA3,P3408_LUCA-TCRA3,data/P3408_LUCA-TCRA3/02_umi/14_05_2026_FULLRUN/per_sample_metrics.tsv,02 UMI consensus
GFB-61821,clibTitin2xpositive,02_umi_consensus,reads_lost_too_short,0,TCRA3,P3408_LUCA-TCRA3,data/P3408_LUCA-TCRA3/02_umi/14_05_2026_FULLRUN/per_sample_metrics.tsv,02 UMI consensus
GFB-61821,clibTitin2xpositive,02_umi_consensus,reads_lost_no_anchor,68168,TCRA3,P3408_LUCA-TCRA3,data/P3408_LUCA-TCRA3/02_umi/14_05_2026_FULLRUN/per_sample_metrics.tsv,02 UMI consensus
GFB-61821,clibTitin2xpositive,02_umi_consensus,reads_lost_anchor_wrong_pos,6104,TCRA3,P3408_LUCA-TCRA3,data/P3408_LUCA-TCRA3/02_umi/14_05_2026_FULLRUN/per_sample_metrics.tsv,02 UMI consensus
GFB-61821,clibTitin2xpositive,02_umi_consensus,reads_lost_empty_insert,0,TCRA3,P3408_LUCA-TCRA3,data/P3408_LUCA-TCRA3/02_umi/14_05_2026_FULLRUN/per_sample_metrics.tsv,02 UMI consensus
GFB-61821,clibTitin2xpositive,02_umi_consensus,reads_in_consensus,1251420,TCRA3,P3408_LUCA-TCRA3,data/P3408_LUCA-TCRA3/02_umi/14_05_2026_FULLRUN/per_sample_metrics.tsv,02 UMI consensus
GFB-61821,clibTitin2xpositive,02_umi_consensus,reads_in_singletons,969093,TCRA3,P3408_LUCA-TCRA3,data/P3408_LUCA-TCRA3/02_umi/14_05_2026_FULLRUN/per_sample_metrics.tsv,02 UMI consensus
GFB-61821,clibTitin2xpositive,02_umi_consensus,umis_total,1473151,TCRA3,P3408_LUCA-TCRA3,data/P3408_LUCA-TCRA3/02_umi/14_05_2026_FULLRUN/per_sample_metrics.tsv,02 UMI consensus
GFB-61821,clibTitin2xpositive,02_umi_consensus,umis_consensus,504058,TCRA3,P3408_LUCA-TCRA3,data/P3408_LUCA-TCRA3/02_umi/14_05_2026_FULLRUN/per_sample_metrics.tsv,02 UMI consensus
GFB-61821,clibTitin2xpositive,02_umi_consensus,umis_singleton,969093,TCRA3,P3408_LUCA-TCRA3,data/P3408_LUCA-TCRA3/02_umi/14_05_2026_FULLRUN/per_sample_metrics.tsv,02 UMI consensus
GFB-61829,clibKH1653xpositive,02_umi_consensus,reads_in,2350930,TCRA3,P3408_LUCA-TCRA3,data/P3408_LUCA-TCRA3/02_umi/14_05_2026_FULLRUN/per_sample_metrics.tsv,02 UMI consensus
GFB-61829,clibKH1653xpositive,02_umi_consensus,reads_lost_too_short,0,TCRA3,P3408_LUCA-TCRA3,data/P3408_LUCA-TCRA3/02_umi/14_05_2026_FULLRUN/per_sample_metrics.tsv,02 UMI consensus
GFB-61829,clibKH1653xpositive,02_umi_consensus,reads_lost_no_anchor,40753,TCRA3,P3408_LUCA-TCRA3,data/P3408_LUCA-TCRA3/02_umi/14_05_2026_FULLRUN/per_sample_metrics.tsv,02 UMI consensus
GFB-61829,clibKH1653xpositive,02_umi_consensus,reads_lost_anchor_wrong_pos,6399,TCRA3,P3408_LUCA-TCRA3,data/P3408_LUCA-TCRA3/02_umi/14_05_2026_FULLRUN/per_sample_metrics.tsv,02 UMI consensus
GFB-61829,clibKH1653xpositive,02_umi_consensus,reads_lost_empty_insert,0,TCRA3,P3408_LUCA-TCRA3,data/P3408_LUCA-TCRA3/02_umi/14_05_2026_FULLRUN/per_sample_metrics.tsv,02 UMI consensus
GFB-61829,clibKH1653xpositive,02_umi_consensus,reads_in_consensus,1256394,TCRA3,P3408_LUCA-TCRA3,data/P3408_LUCA-TCRA3/02_umi/14_05_2026_FULLRUN/per_sample_metrics.tsv,02 UMI consensus
GFB-61829,clibKH1653xpositive,02_umi_consensus,reads_in_singletons,1047384,TCRA3,P3408_LUCA-TCRA3,data/P3408_LUCA-TCRA3/02_umi/14_05_2026_FULLRUN/per_sample_metrics.tsv,02 UMI consensus
GFB-61829,clibKH1653xpositive,02_umi_consensus,umis_total,1555818,TCRA3,P3408_LUCA-TCRA3,data/P3408_LUCA-TCRA3/02_umi/14_05_2026_FULLRUN/per_sample_metrics.tsv,02 UMI consensus
GFB-61829,clibKH1653xpositive,02_umi_consensus,umis_consensus,508434,TCRA3,P3408_LUCA-TCRA3,data/P3408_LUCA-TCRA3/02_umi/14_05_2026_FULLRUN/per_sample_metrics.tsv,02 UMI consensus
GFB-61829,clibKH1653xpositive,02_umi_consensus,umis_singleton,1047384,TCRA3,P3408_LUCA-TCRA3,data/P3408_LUCA-TCRA3/02_umi/14_05_2026_FULLRUN/per_sample_metrics.tsv,02 UMI consensus
GFB-61838,clibKH16531xpositive,02_umi_consensus,reads_in,1451511,TCRA3,P3408_LUCA-TCRA3,data/P3408_LUCA-TCRA3/02_umi/14_05_2026_FULLRUN/per_sample_metrics.tsv,02 UMI consensus
GFB-61838,clibKH16531xpositive,02_umi_consensus,reads_lost_too_short,0,TCRA3,P3408_LUCA-TCRA3,data/P3408_LUCA-TCRA3/02_umi/14_05_2026_FULLRUN/per_sample_metrics.tsv,02 UMI consensus
GFB-61838,clibKH16531xpositive,02_umi_consensus,reads_lost_no_anchor,52187,TCRA3,P3408_LUCA-TCRA3,data/P3408_LUCA-TCRA3/02_umi/14_05_2026_FULLRUN/per_sample_metrics.tsv,02 UMI consensus
GFB-61838,clibKH16531xpositive,02_umi_consensus,reads_lost_anchor_wrong_pos,3797,TCRA3,P3408_LUCA-TCRA3,data/P3408_LUCA-TCRA3/02_umi/14_05_2026_FULLRUN/per_sample_metrics.tsv,02 UMI consensus
GFB-61838,clibKH16531xpositive,02_umi_consensus,reads_lost_empty_insert,0,TCRA3,P3408_LUCA-TCRA3,data/P3408_LUCA-TCRA3/02_umi/14_05_2026_FULLRUN/per_sample_metrics.tsv,02 UMI consensus
GFB-61838,clibKH16531xpositive,02_umi_consensus,reads_in_consensus,684635,TCRA3,P3408_LUCA-TCRA3,data/P3408_LUCA-TCRA3/02_umi/14_05_2026_FULLRUN/per_sample_metrics.tsv,02 UMI consensus
GFB-61838,clibKH16531xpositive,02_umi_consensus,reads_in_singletons,710892,TCRA3,P3408_LUCA-TCRA3,data/P3408_LUCA-TCRA3/02_umi/14_05_2026_FULLRUN/per_sample_metrics.tsv,02 UMI consensus
GFB-61838,clibKH16531xpositive,02_umi_consensus,umis_total,999141,TCRA3,P3408_LUCA-TCRA3,data/P3408_LUCA-TCRA3/02_umi/14_05_2026_FULLRUN/per_sample_metrics.tsv,02 UMI consensus
GFB-61838,clibKH16531xpositive,02_umi_consensus,umis_consensus,288249,TCRA3,P3408_LUCA-TCRA3,data/P3408_LUCA-TCRA3/02_umi/14_05_2026_FULLRUN/per_sample_metrics.tsv,02 UMI consensus
GFB-61838,clibKH16531xpositive,02_umi_consensus,umis_singleton,710892,TCRA3,P3408_LUCA-TCRA3,data/P3408_LUCA-TCRA3/02_umi/14_05_2026_FULLRUN/per_sample_metrics.tsv,02 UMI consensus
GFB-61825,clibKH1593xpositive,02_umi_consensus,reads_in,2613139,TCRA3,P3408_LUCA-TCRA3,data/P3408_LUCA-TCRA3/02_umi/14_05_2026_FULLRUN/per_sample_metrics.tsv,02 UMI consensus
GFB-61825,clibKH1593xpositive,02_umi_consensus,reads_lost_too_short,0,TCRA3,P3408_LUCA-TCRA3,data/P3408_LUCA-TCRA3/02_umi/14_05_2026_FULLRUN/per_sample_metrics.tsv,02 UMI consensus
GFB-61825,clibKH1593xpositive,02_umi_consensus,reads_lost_no_anchor,52452,TCRA3,P3408_LUCA-TCRA3,data/P3408_LUCA-TCRA3/02_umi/14_05_2026_FULLRUN/per_sample_metrics.tsv,02 UMI consensus
GFB-61825,clibKH1593xpositive,02_umi_consensus,reads_lost_anchor_wrong_pos,6259,TCRA3,P3408_LUCA-TCRA3,data/P3408_LUCA-TCRA3/02_umi/14_05_2026_FULLRUN/per_sample_metrics.tsv,02 UMI consensus
GFB-61825,clibKH1593xpositive,02_umi_consensus,reads_lost_empty_insert,0,TCRA3,P3408_LUCA-TCRA3,data/P3408_LUCA-TCRA3/02_umi/14_05_2026_FULLRUN/per_sample_metrics.tsv,02 UMI consensus
GFB-61825,clibKH1593xpositive,02_umi_consensus,reads_in_consensus,1295523,TCRA3,P3408_LUCA-TCRA3,data/P3408_LUCA-TCRA3/02_umi/14_05_2026_FULLRUN/per_sample_metrics.tsv,02 UMI consensus
GFB-61825,clibKH1593xpositive,02_umi_consensus,reads_in_singletons,1258905,TCRA3,P3408_LUCA-TCRA3,data/P3408_LUCA-TCRA3/02_umi/14_05_2026_FULLRUN/per_sample_metrics.tsv,02 UMI consensus
GFB-61825,clibKH1593xpositive,02_umi_consensus,umis_total,1793943,TCRA3,P3408_LUCA-TCRA3,data/P3408_LUCA-TCRA3/02_umi/14_05_2026_FULLRUN/per_sample_metrics.tsv,02 UMI consensus
GFB-61825,clibKH1593xpositive,02_umi_consensus,umis_consensus,535038,TCRA3,P3408_LUCA-TCRA3,data/P3408_LUCA-TCRA3/02_umi/14_05_2026_FULLRUN/per_sample_metrics.tsv,02 UMI consensus
GFB-61825,clibKH1593xpositive,02_umi_consensus,umis_singleton,1258905,TCRA3,P3408_LUCA-TCRA3,data/P3408_LUCA-TCRA3/02_umi/14_05_2026_FULLRUN/per_sample_metrics.tsv,02 UMI consensus
GFB-61830,clibKH1673xpositive,02_umi_consensus,reads_in,2674871,TCRA3,P3408_LUCA-TCRA3,data/P3408_LUCA-TCRA3/02_umi/14_05_2026_FULLRUN/per_sample_metrics.tsv,02 UMI consensus
GFB-61830,clibKH1673xpositive,02_umi_consensus,reads_lost_too_short,0,TCRA3,P3408_LUCA-TCRA3,data/P3408_LUCA-TCRA3/02_umi/14_05_2026_FULLRUN/per_sample_metrics.tsv,02 UMI consensus
GFB-61830,clibKH1673xpositive,02_umi_consensus,reads_lost_no_anchor,67512,TCRA3,P3408_LUCA-TCRA3,data/P3408_LUCA-TCRA3/02_umi/14_05_2026_FULLRUN/per_sample_metrics.tsv,02 UMI consensus
GFB-61830,clibKH1673xpositive,02_umi_consensus,reads_lost_anchor_wrong_pos,6774,TCRA3,P3408_LUCA-TCRA3,data/P3408_LUCA-TCRA3/02_umi/14_05_2026_FULLRUN/per_sample_metrics.tsv,02 UMI consensus
GFB-61830,clibKH1673xpositive,02_umi_consensus,reads_lost_empty_insert,0,TCRA3,P3408_LUCA-TCRA3,data/P3408_LUCA-TCRA3/02_umi/14_05_2026_FULLRUN/per_sample_metrics.tsv,02 UMI consensus
GFB-61830,clibKH1673xpositive,02_umi_consensus,reads_in_consensus,1474057,TCRA3,P3408_LUCA-TCRA3,data/P3408_LUCA-TCRA3/02_umi/14_05_2026_FULLRUN/per_sample_metrics.tsv,02 UMI consensus
GFB-61830,clibKH1673xpositive,02_umi_consensus,reads_in_singletons,1126528,TCRA3,P3408_LUCA-TCRA3,data/P3408_LUCA-TCRA3/02_umi/14_05_2026_FULLRUN/per_sample_metrics.tsv,02 UMI consensus
GFB-61830,clibKH1673xpositive,02_umi_consensus,umis_total,1716056,TCRA3,P3408_LUCA-TCRA3,data/P3408_LUCA-TCRA3/02_umi/14_05_2026_FULLRUN/per_sample_metrics.tsv,02 UMI consensus
GFB-61830,clibKH1673xpositive,02_umi_consensus,umis_consensus,589528,TCRA3,P3408_LUCA-TCRA3,data/P3408_LUCA-TCRA3/02_umi/14_05_2026_FULLRUN/per_sample_metrics.tsv,02 UMI consensus
GFB-61830,clibKH1673xpositive,02_umi_consensus,umis_singleton,1126528,TCRA3,P3408_LUCA-TCRA3,data/P3408_LUCA-TCRA3/02_umi/14_05_2026_FULLRUN/per_sample_metrics.tsv,02 UMI consensus
GFB-61823,clibTitin3xpositive,02_umi_consensus,reads_in,2844581,TCRA3,P3408_LUCA-TCRA3,data/P3408_LUCA-TCRA3/02_umi/14_05_2026_FULLRUN/per_sample_metrics.tsv,02 UMI consensus
GFB-61823,clibTitin3xpositive,02_umi_consensus,reads_lost_too_short,0,TCRA3,P3408_LUCA-TCRA3,data/P3408_LUCA-TCRA3/02_umi/14_05_2026_FULLRUN/per_sample_metrics.tsv,02 UMI consensus
GFB-61823,clibTitin3xpositive,02_umi_consensus,reads_lost_no_anchor,52250,TCRA3,P3408_LUCA-TCRA3,data/P3408_LUCA-TCRA3/02_umi/14_05_2026_FULLRUN/per_sample_metrics.tsv,02 UMI consensus
GFB-61823,clibTitin3xpositive,02_umi_consensus,reads_lost_anchor_wrong_pos,7232,TCRA3,P3408_LUCA-TCRA3,data/P3408_LUCA-TCRA3/02_umi/14_05_2026_FULLRUN/per_sample_metrics.tsv,02 UMI consensus
GFB-61823,clibTitin3xpositive,02_umi_consensus,reads_lost_empty_insert,0,TCRA3,P3408_LUCA-TCRA3,data/P3408_LUCA-TCRA3/02_umi/14_05_2026_FULLRUN/per_sample_metrics.tsv,02 UMI consensus
GFB-61823,clibTitin3xpositive,02_umi_consensus,reads_in_consensus,1504452,TCRA3,P3408_LUCA-TCRA3,data/P3408_LUCA-TCRA3/02_umi/14_05_2026_FULLRUN/per_sample_metrics.tsv,02 UMI consensus
GFB-61823,clibTitin3xpositive,02_umi_consensus,reads_in_singletons,1280647,TCRA3,P3408_LUCA-TCRA3,data/P3408_LUCA-TCRA3/02_umi/14_05_2026_FULLRUN/per_sample_metrics.tsv,02 UMI consensus
GFB-61823,clibTitin3xpositive,02_umi_consensus,umis_total,1890151,TCRA3,P3408_LUCA-TCRA3,data/P3408_LUCA-TCRA3/02_umi/14_05_2026_FULLRUN/per_sample_metrics.tsv,02 UMI consensus
GFB-61823,clibTitin3xpositive,02_umi_consensus,umis_consensus,609504,TCRA3,P3408_LUCA-TCRA3,data/P3408_LUCA-TCRA3/02_umi/14_05_2026_FULLRUN/per_sample_metrics.tsv,02 UMI consensus
GFB-61823,clibTitin3xpositive,02_umi_consensus,umis_singleton,1280647,TCRA3,P3408_LUCA-TCRA3,data/P3408_LUCA-TCRA3/02_umi/14_05_2026_FULLRUN/per_sample_metrics.tsv,02 UMI consensus
GFB-61827,clibKH1633xpositive,02_umi_consensus,reads_in,2981381,TCRA3,P3408_LUCA-TCRA3,data/P3408_LUCA-TCRA3/02_umi/14_05_2026_FULLRUN/per_sample_metrics.tsv,02 UMI consensus
GFB-61827,clibKH1633xpositive,02_umi_consensus,reads_lost_too_short,0,TCRA3,P3408_LUCA-TCRA3,data/P3408_LUCA-TCRA3/02_umi/14_05_2026_FULLRUN/per_sample_metrics.tsv,02 UMI consensus
GFB-61827,clibKH1633xpositive,02_umi_consensus,reads_lost_no_anchor,72735,TCRA3,P3408_LUCA-TCRA3,data/P3408_LUCA-TCRA3/02_umi/14_05_2026_FULLRUN/per_sample_metrics.tsv,02 UMI consensus
GFB-61827,clibKH1633xpositive,02_umi_consensus,reads_lost_anchor_wrong_pos,9777,TCRA3,P3408_LUCA-TCRA3,data/P3408_LUCA-TCRA3/02_umi/14_05_2026_FULLRUN/per_sample_metrics.tsv,02 UMI consensus
GFB-61827,clibKH1633xpositive,02_umi_consensus,reads_lost_empty_insert,0,TCRA3,P3408_LUCA-TCRA3,data/P3408_LUCA-TCRA3/02_umi/14_05_2026_FULLRUN/per_sample_metrics.tsv,02 UMI consensus
GFB-61827,clibKH1633xpositive,02_umi_consensus,reads_in_consensus,1554825,TCRA3,P3408_LUCA-TCRA3,data/P3408_LUCA-TCRA3/02_umi/14_05_2026_FULLRUN/per_sample_metrics.tsv,02 UMI consensus
GFB-61827,clibKH1633xpositive,02_umi_consensus,reads_in_singletons,1344044,TCRA3,P3408_LUCA-TCRA3,data/P3408_LUCA-TCRA3/02_umi/14_05_2026_FULLRUN/per_sample_metrics.tsv,02 UMI consensus
GFB-61827,clibKH1633xpositive,02_umi_consensus,umis_total,1974347,TCRA3,P3408_LUCA-TCRA3,data/P3408_LUCA-TCRA3/02_umi/14_05_2026_FULLRUN/per_sample_metrics.tsv,02 UMI consensus
GFB-61827,clibKH1633xpositive,02_umi_consensus,umis_consensus,630303,TCRA3,P3408_LUCA-TCRA3,data/P3408_LUCA-TCRA3/02_umi/14_05_2026_FULLRUN/per_sample_metrics.tsv,02 UMI consensus
GFB-61827,clibKH1633xpositive,02_umi_consensus,umis_singleton,1344044,TCRA3,P3408_LUCA-TCRA3,data/P3408_LUCA-TCRA3/02_umi/14_05_2026_FULLRUN/per_sample_metrics.tsv,02 UMI consensus
GFB-61839,clibKH16731xpositive,02_umi_consensus,reads_in,2081751,TCRA3,P3408_LUCA-TCRA3,data/P3408_LUCA-TCRA3/02_umi/14_05_2026_FULLRUN/per_sample_metrics.tsv,02 UMI consensus
GFB-61839,clibKH16731xpositive,02_umi_consensus,reads_lost_too_short,0,TCRA3,P3408_LUCA-TCRA3,data/P3408_LUCA-TCRA3/02_umi/14_05_2026_FULLRUN/per_sample_metrics.tsv,02 UMI consensus
GFB-61839,clibKH16731xpositive,02_umi_consensus,reads_lost_no_anchor,66965,TCRA3,P3408_LUCA-TCRA3,data/P3408_LUCA-TCRA3/02_umi/14_05_2026_FULLRUN/per_sample_metrics.tsv,02 UMI consensus
GFB-61839,clibKH16731xpositive,02_umi_consensus,reads_lost_anchor_wrong_pos,5117,TCRA3,P3408_LUCA-TCRA3,data/P3408_LUCA-TCRA3/02_umi/14_05_2026_FULLRUN/per_sample_metrics.tsv,02 UMI consensus
GFB-61839,clibKH16731xpositive,02_umi_consensus,reads_lost_empty_insert,0,TCRA3,P3408_LUCA-TCRA3,data/P3408_LUCA-TCRA3/02_umi/14_05_2026_FULLRUN/per_sample_metrics.tsv,02 UMI consensus
GFB-61839,clibKH16731xpositive,02_umi_consensus,reads_in_consensus,1169249,TCRA3,P3408_LUCA-TCRA3,data/P3408_LUCA-TCRA3/02_umi/14_05_2026_FULLRUN/per_sample_metrics.tsv,02 UMI consensus
GFB-61839,clibKH16731xpositive,02_umi_consensus,reads_in_singletons,840420,TCRA3,P3408_LUCA-TCRA3,data/P3408_LUCA-TCRA3/02_umi/14_05_2026_FULLRUN/per_sample_metrics.tsv,02 UMI consensus
GFB-61839,clibKH16731xpositive,02_umi_consensus,umis_total,1307094,TCRA3,P3408_LUCA-TCRA3,data/P3408_LUCA-TCRA3/02_umi/14_05_2026_FULLRUN/per_sample_metrics.tsv,02 UMI consensus
GFB-61839,clibKH16731xpositive,02_umi_consensus,umis_consensus,466674,TCRA3,P3408_LUCA-TCRA3,data/P3408_LUCA-TCRA3/02_umi/14_05_2026_FULLRUN/per_sample_metrics.tsv,02 UMI consensus
GFB-61839,clibKH16731xpositive,02_umi_consensus,umis_singleton,840420,TCRA3,P3408_LUCA-TCRA3,data/P3408_LUCA-TCRA3/02_umi/14_05_2026_FULLRUN/per_sample_metrics.tsv,02 UMI consensus
GFB-61824,clibKH1583xpositive,02_umi_consensus,reads_in,3434860,TCRA3,P3408_LUCA-TCRA3,data/P3408_LUCA-TCRA3/02_umi/14_05_2026_FULLRUN/per_sample_metrics.tsv,02 UMI consensus
GFB-61824,clibKH1583xpositive,02_umi_consensus,reads_lost_too_short,0,TCRA3,P3408_LUCA-TCRA3,data/P3408_LUCA-TCRA3/02_umi/14_05_2026_FULLRUN/per_sample_metrics.tsv,02 UMI consensus
GFB-61824,clibKH1583xpositive,02_umi_consensus,reads_lost_no_anchor,58910,TCRA3,P3408_LUCA-TCRA3,data/P3408_LUCA-TCRA3/02_umi/14_05_2026_FULLRUN/per_sample_metrics.tsv,02 UMI consensus
GFB-61824,clibKH1583xpositive,02_umi_consensus,reads_lost_anchor_wrong_pos,8811,TCRA3,P3408_LUCA-TCRA3,data/P3408_LUCA-TCRA3/02_umi/14_05_2026_FULLRUN/per_sample_metrics.tsv,02 UMI consensus
GFB-61824,clibKH1583xpositive,02_umi_consensus,reads_lost_empty_insert,0,TCRA3,P3408_LUCA-TCRA3,data/P3408_LUCA-TCRA3/02_umi/14_05_2026_FULLRUN/per_sample_metrics.tsv,02 UMI consensus
GFB-61824,clibKH1583xpositive,02_umi_consensus,reads_in_consensus,2018651,TCRA3,P3408_LUCA-TCRA3,data/P3408_LUCA-TCRA3/02_umi/14_05_2026_FULLRUN/per_sample_metrics.tsv,02 UMI consensus
GFB-61824,clibKH1583xpositive,02_umi_consensus,reads_in_singletons,1348488,TCRA3,P3408_LUCA-TCRA3,data/P3408_LUCA-TCRA3/02_umi/14_05_2026_FULLRUN/per_sample_metrics.tsv,02 UMI consensus
GFB-61824,clibKH1583xpositive,02_umi_consensus,umis_total,2135203,TCRA3,P3408_LUCA-TCRA3,data/P3408_LUCA-TCRA3/02_umi/14_05_2026_FULLRUN/per_sample_metrics.tsv,02 UMI consensus
GFB-61824,clibKH1583xpositive,02_umi_consensus,umis_consensus,786715,TCRA3,P3408_LUCA-TCRA3,data/P3408_LUCA-TCRA3/02_umi/14_05_2026_FULLRUN/per_sample_metrics.tsv,02 UMI consensus
GFB-61824,clibKH1583xpositive,02_umi_consensus,umis_singleton,1348488,TCRA3,P3408_LUCA-TCRA3,data/P3408_LUCA-TCRA3/02_umi/14_05_2026_FULLRUN/per_sample_metrics.tsv,02 UMI consensus
GFB-61835,clibKH16031xpositive,02_umi_consensus,reads_in,3788906,TCRA3,P3408_LUCA-TCRA3,data/P3408_LUCA-TCRA3/02_umi/14_05_2026_FULLRUN/per_sample_metrics.tsv,02 UMI consensus
GFB-61835,clibKH16031xpositive,02_umi_consensus,reads_lost_too_short,0,TCRA3,P3408_LUCA-TCRA3,data/P3408_LUCA-TCRA3/02_umi/14_05_2026_FULLRUN/per_sample_metrics.tsv,02 UMI consensus
GFB-61835,clibKH16031xpositive,02_umi_consensus,reads_lost_no_anchor,108302,TCRA3,P3408_LUCA-TCRA3,data/P3408_LUCA-TCRA3/02_umi/14_05_2026_FULLRUN/per_sample_metrics.tsv,02 UMI consensus
GFB-61835,clibKH16031xpositive,02_umi_consensus,reads_lost_anchor_wrong_pos,9208,TCRA3,P3408_LUCA-TCRA3,data/P3408_LUCA-TCRA3/02_umi/14_05_2026_FULLRUN/per_sample_metrics.tsv,02 UMI consensus
GFB-61835,clibKH16031xpositive,02_umi_consensus,reads_lost_empty_insert,0,TCRA3,P3408_LUCA-TCRA3,data/P3408_LUCA-TCRA3/02_umi/14_05_2026_FULLRUN/per_sample_metrics.tsv,02 UMI consensus
GFB-61835,clibKH16031xpositive,02_umi_consensus,reads_in_consensus,2437095,TCRA3,P3408_LUCA-TCRA3,data/P3408_LUCA-TCRA3/02_umi/14_05_2026_FULLRUN/per_sample_metrics.tsv,02 UMI consensus
GFB-61835,clibKH16031xpositive,02_umi_consensus,reads_in_singletons,1234301,TCRA3,P3408_LUCA-TCRA3,data/P3408_LUCA-TCRA3/02_umi/14_05_2026_FULLRUN/per_sample_metrics.tsv,02 UMI consensus
GFB-61835,clibKH16031xpositive,02_umi_consensus,umis_total,2131720,TCRA3,P3408_LUCA-TCRA3,data/P3408_LUCA-TCRA3/02_umi/14_05_2026_FULLRUN/per_sample_metrics.tsv,02 UMI consensus
GFB-61835,clibKH16031xpositive,02_umi_consensus,umis_consensus,897419,TCRA3,P3408_LUCA-TCRA3,data/P3408_LUCA-TCRA3/02_umi/14_05_2026_FULLRUN/per_sample_metrics.tsv,02 UMI consensus
GFB-61835,clibKH16031xpositive,02_umi_consensus,umis_singleton,1234301,TCRA3,P3408_LUCA-TCRA3,data/P3408_LUCA-TCRA3/02_umi/14_05_2026_FULLRUN/per_sample_metrics.tsv,02 UMI consensus
GFB-61836,clibKH16331xpositive,02_umi_consensus,reads_in,3452651,TCRA3,P3408_LUCA-TCRA3,data/P3408_LUCA-TCRA3/02_umi/14_05_2026_FULLRUN/per_sample_metrics.tsv,02 UMI consensus
GFB-61836,clibKH16331xpositive,02_umi_consensus,reads_lost_too_short,0,TCRA3,P3408_LUCA-TCRA3,data/P3408_LUCA-TCRA3/02_umi/14_05_2026_FULLRUN/per_sample_metrics.tsv,02 UMI consensus
GFB-61836,clibKH16331xpositive,02_umi_consensus,reads_lost_no_anchor,84544,TCRA3,P3408_LUCA-TCRA3,data/P3408_LUCA-TCRA3/02_umi/14_05_2026_FULLRUN/per_sample_metrics.tsv,02 UMI consensus
GFB-61836,clibKH16331xpositive,02_umi_consensus,reads_lost_anchor_wrong_pos,9059,TCRA3,P3408_LUCA-TCRA3,data/P3408_LUCA-TCRA3/02_umi/14_05_2026_FULLRUN/per_sample_metrics.tsv,02 UMI consensus
GFB-61836,clibKH16331xpositive,02_umi_consensus,reads_lost_empty_insert,0,TCRA3,P3408_LUCA-TCRA3,data/P3408_LUCA-TCRA3/02_umi/14_05_2026_FULLRUN/per_sample_metrics.tsv,02 UMI consensus
GFB-61836,clibKH16331xpositive,02_umi_consensus,reads_in_consensus,2132402,TCRA3,P3408_LUCA-TCRA3,data/P3408_LUCA-TCRA3/02_umi/14_05_2026_FULLRUN/per_sample_metrics.tsv,02 UMI consensus
GFB-61836,clibKH16331xpositive,02_umi_consensus,reads_in_singletons,1226646,TCRA3,P3408_LUCA-TCRA3,data/P3408_LUCA-TCRA3/02_umi/14_05_2026_FULLRUN/per_sample_metrics.tsv,02 UMI consensus
GFB-61836,clibKH16331xpositive,02_umi_consensus,umis_total,2040651,TCRA3,P3408_LUCA-TCRA3,data/P3408_LUCA-TCRA3/02_umi/14_05_2026_FULLRUN/per_sample_metrics.tsv,02 UMI consensus
GFB-61836,clibKH16331xpositive,02_umi_consensus,umis_consensus,814005,TCRA3,P3408_LUCA-TCRA3,data/P3408_LUCA-TCRA3/02_umi/14_05_2026_FULLRUN/per_sample_metrics.tsv,02 UMI consensus
GFB-61836,clibKH16331xpositive,02_umi_consensus,umis_singleton,1226646,TCRA3,P3408_LUCA-TCRA3,data/P3408_LUCA-TCRA3/02_umi/14_05_2026_FULLRUN/per_sample_metrics.tsv,02 UMI consensus
GFB-61826,clibKH1603xpositive,02_umi_consensus,reads_in,5779482,TCRA3,P3408_LUCA-TCRA3,data/P3408_LUCA-TCRA3/02_umi/14_05_2026_FULLRUN/per_sample_metrics.tsv,02 UMI consensus
GFB-61826,clibKH1603xpositive,02_umi_consensus,reads_lost_too_short,0,TCRA3,P3408_LUCA-TCRA3,data/P3408_LUCA-TCRA3/02_umi/14_05_2026_FULLRUN/per_sample_metrics.tsv,02 UMI consensus
GFB-61826,clibKH1603xpositive,02_umi_consensus,reads_lost_no_anchor,114425,TCRA3,P3408_LUCA-TCRA3,data/P3408_LUCA-TCRA3/02_umi/14_05_2026_FULLRUN/per_sample_metrics.tsv,02 UMI consensus
GFB-61826,clibKH1603xpositive,02_umi_consensus,reads_lost_anchor_wrong_pos,13815,TCRA3,P3408_LUCA-TCRA3,data/P3408_LUCA-TCRA3/02_umi/14_05_2026_FULLRUN/per_sample_metrics.tsv,02 UMI consensus
GFB-61826,clibKH1603xpositive,02_umi_consensus,reads_lost_empty_insert,0,TCRA3,P3408_LUCA-TCRA3,data/P3408_LUCA-TCRA3/02_umi/14_05_2026_FULLRUN/per_sample_metrics.tsv,02 UMI consensus
GFB-61826,clibKH1603xpositive,02_umi_consensus,reads_in_consensus,4212716,TCRA3,P3408_LUCA-TCRA3,data/P3408_LUCA-TCRA3/02_umi/14_05_2026_FULLRUN/per_sample_metrics.tsv,02 UMI consensus
GFB-61826,clibKH1603xpositive,02_umi_consensus,reads_in_singletons,1438526,TCRA3,P3408_LUCA-TCRA3,data/P3408_LUCA-TCRA3/02_umi/14_05_2026_FULLRUN/per_sample_metrics.tsv,02 UMI consensus
GFB-61826,clibKH1603xpositive,02_umi_consensus,umis_total,2872677,TCRA3,P3408_LUCA-TCRA3,data/P3408_LUCA-TCRA3/02_umi/14_05_2026_FULLRUN/per_sample_metrics.tsv,02 UMI consensus
GFB-61826,clibKH1603xpositive,02_umi_consensus,umis_consensus,1434151,TCRA3,P3408_LUCA-TCRA3,data/P3408_LUCA-TCRA3/02_umi/14_05_2026_FULLRUN/per_sample_metrics.tsv,02 UMI consensus
GFB-61826,clibKH1603xpositive,02_umi_consensus,umis_singleton,1438526,TCRA3,P3408_LUCA-TCRA3,data/P3408_LUCA-TCRA3/02_umi/14_05_2026_FULLRUN/per_sample_metrics.tsv,02 UMI consensus
GFB-61834,clibKH15931xpositive,02_umi_consensus,reads_in,6382047,TCRA3,P3408_LUCA-TCRA3,data/P3408_LUCA-TCRA3/02_umi/14_05_2026_FULLRUN/per_sample_metrics.tsv,02 UMI consensus
GFB-61834,clibKH15931xpositive,02_umi_consensus,reads_lost_too_short,0,TCRA3,P3408_LUCA-TCRA3,data/P3408_LUCA-TCRA3/02_umi/14_05_2026_FULLRUN/per_sample_metrics.tsv,02 UMI consensus
GFB-61834,clibKH15931xpositive,02_umi_consensus,reads_lost_no_anchor,204277,TCRA3,P3408_LUCA-TCRA3,data/P3408_LUCA-TCRA3/02_umi/14_05_2026_FULLRUN/per_sample_metrics.tsv,02 UMI consensus
GFB-61834,clibKH15931xpositive,02_umi_consensus,reads_lost_anchor_wrong_pos,15566,TCRA3,P3408_LUCA-TCRA3,data/P3408_LUCA-TCRA3/02_umi/14_05_2026_FULLRUN/per_sample_metrics.tsv,02 UMI consensus
GFB-61834,clibKH15931xpositive,02_umi_consensus,reads_lost_empty_insert,0,TCRA3,P3408_LUCA-TCRA3,data/P3408_LUCA-TCRA3/02_umi/14_05_2026_FULLRUN/per_sample_metrics.tsv,02 UMI consensus
GFB-61834,clibKH15931xpositive,02_umi_consensus,reads_in_consensus,5443744,TCRA3,P3408_LUCA-TCRA3,data/P3408_LUCA-TCRA3/02_umi/14_05_2026_FULLRUN/per_sample_metrics.tsv,02 UMI consensus
GFB-61834,clibKH15931xpositive,02_umi_consensus,reads_in_singletons,718460,TCRA3,P3408_LUCA-TCRA3,data/P3408_LUCA-TCRA3/02_umi/14_05_2026_FULLRUN/per_sample_metrics.tsv,02 UMI consensus
GFB-61834,clibKH15931xpositive,02_umi_consensus,umis_total,2195636,TCRA3,P3408_LUCA-TCRA3,data/P3408_LUCA-TCRA3/02_umi/14_05_2026_FULLRUN/per_sample_metrics.tsv,02 UMI consensus
GFB-61834,clibKH15931xpositive,02_umi_consensus,umis_consensus,1477176,TCRA3,P3408_LUCA-TCRA3,data/P3408_LUCA-TCRA3/02_umi/14_05_2026_FULLRUN/per_sample_metrics.tsv,02 UMI consensus
GFB-61834,clibKH15931xpositive,02_umi_consensus,umis_singleton,718460,TCRA3,P3408_LUCA-TCRA3,data/P3408_LUCA-TCRA3/02_umi/14_05_2026_FULLRUN/per_sample_metrics.tsv,02 UMI consensus
GFB-61833,clibKH15831xpositive,02_umi_consensus,reads_in,8251242,TCRA3,P3408_LUCA-TCRA3,data/P3408_LUCA-TCRA3/02_umi/14_05_2026_FULLRUN/per_sample_metrics.tsv,02 UMI consensus
GFB-61833,clibKH15831xpositive,02_umi_consensus,reads_lost_too_short,0,TCRA3,P3408_LUCA-TCRA3,data/P3408_LUCA-TCRA3/02_umi/14_05_2026_FULLRUN/per_sample_metrics.tsv,02 UMI consensus
GFB-61833,clibKH15831xpositive,02_umi_consensus,reads_lost_no_anchor,257251,TCRA3,P3408_LUCA-TCRA3,data/P3408_LUCA-TCRA3/02_umi/14_05_2026_FULLRUN/per_sample_metrics.tsv,02 UMI consensus
GFB-61833,clibKH15831xpositive,02_umi_consensus,reads_lost_anchor_wrong_pos,21074,TCRA3,P3408_LUCA-TCRA3,data/P3408_LUCA-TCRA3/02_umi/14_05_2026_FULLRUN/per_sample_metrics.tsv,02 UMI consensus
GFB-61833,clibKH15831xpositive,02_umi_consensus,reads_lost_empty_insert,0,TCRA3,P3408_LUCA-TCRA3,data/P3408_LUCA-TCRA3/02_umi/14_05_2026_FULLRUN/per_sample_metrics.tsv,02 UMI consensus
GFB-61833,clibKH15831xpositive,02_umi_consensus,reads_in_consensus,7217853,TCRA3,P3408_LUCA-TCRA3,data/P3408_LUCA-TCRA3/02_umi/14_05_2026_FULLRUN/per_sample_metrics.tsv,02 UMI consensus
GFB-61833,clibKH15831xpositive,02_umi_consensus,reads_in_singletons,755064,TCRA3,P3408_LUCA-TCRA3,data/P3408_LUCA-TCRA3/02_umi/14_05_2026_FULLRUN/per_sample_metrics.tsv,02 UMI consensus
GFB-61833,clibKH15831xpositive,02_umi_consensus,umis_total,2568555,TCRA3,P3408_LUCA-TCRA3,data/P3408_LUCA-TCRA3/02_umi/14_05_2026_FULLRUN/per_sample_metrics.tsv,02 UMI consensus
GFB-61833,clibKH15831xpositive,02_umi_consensus,umis_consensus,1813491,TCRA3,P3408_LUCA-TCRA3,data/P3408_LUCA-TCRA3/02_umi/14_05_2026_FULLRUN/per_sample_metrics.tsv,02 UMI consensus
GFB-61833,clibKH15831xpositive,02_umi_consensus,umis_singleton,755064,TCRA3,P3408_LUCA-TCRA3,data/P3408_LUCA-TCRA3/02_umi/14_05_2026_FULLRUN/per_sample_metrics.tsv,02 UMI consensus
GFB-61831,clibMAGE-A331xpositive,02_umi_consensus,reads_in,10332620,TCRA3,P3408_LUCA-TCRA3,data/P3408_LUCA-TCRA3/02_umi/14_05_2026_FULLRUN/per_sample_metrics.tsv,02 UMI consensus
GFB-61831,clibMAGE-A331xpositive,02_umi_consensus,reads_lost_too_short,0,TCRA3,P3408_LUCA-TCRA3,data/P3408_LUCA-TCRA3/02_umi/14_05_2026_FULLRUN/per_sample_metrics.tsv,02 UMI consensus
GFB-61831,clibMAGE-A331xpositive,02_umi_consensus,reads_lost_no_anchor,201463,TCRA3,P3408_LUCA-TCRA3,data/P3408_LUCA-TCRA3/02_umi/14_05_2026_FULLRUN/per_sample_metrics.tsv,02 UMI consensus
GFB-61831,clibMAGE-A331xpositive,02_umi_consensus,reads_lost_anchor_wrong_pos,31439,TCRA3,P3408_LUCA-TCRA3,data/P3408_LUCA-TCRA3/02_umi/14_05_2026_FULLRUN/per_sample_metrics.tsv,02 UMI consensus
GFB-61831,clibMAGE-A331xpositive,02_umi_consensus,reads_lost_empty_insert,0,TCRA3,P3408_LUCA-TCRA3,data/P3408_LUCA-TCRA3/02_umi/14_05_2026_FULLRUN/per_sample_metrics.tsv,02 UMI consensus
GFB-61831,clibMAGE-A331xpositive,02_umi_consensus,reads_in_consensus,8579230,TCRA3,P3408_LUCA-TCRA3,data/P3408_LUCA-TCRA3/02_umi/14_05_2026_FULLRUN/per_sample_metrics.tsv,02 UMI consensus
GFB-61831,clibMAGE-A331xpositive,02_umi_consensus,reads_in_singletons,1520488,TCRA3,P3408_LUCA-TCRA3,data/P3408_LUCA-TCRA3/02_umi/14_05_2026_FULLRUN/per_sample_metrics.tsv,02 UMI consensus
GFB-61831,clibMAGE-A331xpositive,02_umi_consensus,umis_total,3989015,TCRA3,P3408_LUCA-TCRA3,data/P3408_LUCA-TCRA3/02_umi/14_05_2026_FULLRUN/per_sample_metrics.tsv,02 UMI consensus
GFB-61831,clibMAGE-A331xpositive,02_umi_consensus,umis_consensus,2468527,TCRA3,P3408_LUCA-TCRA3,data/P3408_LUCA-TCRA3/02_umi/14_05_2026_FULLRUN/per_sample_metrics.tsv,02 UMI consensus
GFB-61831,clibMAGE-A331xpositive,02_umi_consensus,umis_singleton,1520488,TCRA3,P3408_LUCA-TCRA3,data/P3408_LUCA-TCRA3/02_umi/14_05_2026_FULLRUN/per_sample_metrics.tsv,02 UMI consensus
GFB-61817,clibKH1642xnegative,02_umi_consensus,reads_in,11389295,TCRA3,P3408_LUCA-TCRA3,data/P3408_LUCA-TCRA3/02_umi/14_05_2026_FULLRUN/per_sample_metrics.tsv,02 UMI consensus
GFB-61817,clibKH1642xnegative,02_umi_consensus,reads_lost_too_short,0,TCRA3,P3408_LUCA-TCRA3,data/P3408_LUCA-TCRA3/02_umi/14_05_2026_FULLRUN/per_sample_metrics.tsv,02 UMI consensus
GFB-61817,clibKH1642xnegative,02_umi_consensus,reads_lost_no_anchor,497327,TCRA3,P3408_LUCA-TCRA3,data/P3408_LUCA-TCRA3/02_umi/14_05_2026_FULLRUN/per_sample_metrics.tsv,02 UMI consensus
GFB-61817,clibKH1642xnegative,02_umi_consensus,reads_lost_anchor_wrong_pos,31971,TCRA3,P3408_LUCA-TCRA3,data/P3408_LUCA-TCRA3/02_umi/14_05_2026_FULLRUN/per_sample_metrics.tsv,02 UMI consensus
GFB-61817,clibKH1642xnegative,02_umi_consensus,reads_lost_empty_insert,0,TCRA3,P3408_LUCA-TCRA3,data/P3408_LUCA-TCRA3/02_umi/14_05_2026_FULLRUN/per_sample_metrics.tsv,02 UMI consensus
GFB-61817,clibKH1642xnegative,02_umi_consensus,reads_in_consensus,8751025,TCRA3,P3408_LUCA-TCRA3,data/P3408_LUCA-TCRA3/02_umi/14_05_2026_FULLRUN/per_sample_metrics.tsv,02 UMI consensus
GFB-61817,clibKH1642xnegative,02_umi_consensus,reads_in_singletons,2108972,TCRA3,P3408_LUCA-TCRA3,data/P3408_LUCA-TCRA3/02_umi/14_05_2026_FULLRUN/per_sample_metrics.tsv,02 UMI consensus
GFB-61817,clibKH1642xnegative,02_umi_consensus,umis_total,4800389,TCRA3,P3408_LUCA-TCRA3,data/P3408_LUCA-TCRA3/02_umi/14_05_2026_FULLRUN/per_sample_metrics.tsv,02 UMI consensus
GFB-61817,clibKH1642xnegative,02_umi_consensus,umis_consensus,2691417,TCRA3,P3408_LUCA-TCRA3,data/P3408_LUCA-TCRA3/02_umi/14_05_2026_FULLRUN/per_sample_metrics.tsv,02 UMI consensus
GFB-61817,clibKH1642xnegative,02_umi_consensus,umis_singleton,2108972,TCRA3,P3408_LUCA-TCRA3,data/P3408_LUCA-TCRA3/02_umi/14_05_2026_FULLRUN/per_sample_metrics.tsv,02 UMI consensus
GFB-61815,clibKH1602xnegative,02_umi_consensus,reads_in,24620388,TCRA3,P3408_LUCA-TCRA3,data/P3408_LUCA-TCRA3/02_umi/14_05_2026_FULLRUN/per_sample_metrics.tsv,02 UMI consensus
GFB-61815,clibKH1602xnegative,02_umi_consensus,reads_lost_too_short,0,TCRA3,P3408_LUCA-TCRA3,data/P3408_LUCA-TCRA3/02_umi/14_05_2026_FULLRUN/per_sample_metrics.tsv,02 UMI consensus
GFB-61815,clibKH1602xnegative,02_umi_consensus,reads_lost_no_anchor,749310,TCRA3,P3408_LUCA-TCRA3,data/P3408_LUCA-TCRA3/02_umi/14_05_2026_FULLRUN/per_sample_metrics.tsv,02 UMI consensus
GFB-61815,clibKH1602xnegative,02_umi_consensus,reads_lost_anchor_wrong_pos,61885,TCRA3,P3408_LUCA-TCRA3,data/P3408_LUCA-TCRA3/02_umi/14_05_2026_FULLRUN/per_sample_metrics.tsv,02 UMI consensus
GFB-61815,clibKH1602xnegative,02_umi_consensus,reads_lost_empty_insert,0,TCRA3,P3408_LUCA-TCRA3,data/P3408_LUCA-TCRA3/02_umi/14_05_2026_FULLRUN/per_sample_metrics.tsv,02 UMI consensus
GFB-61815,clibKH1602xnegative,02_umi_consensus,reads_in_consensus,21876055,TCRA3,P3408_LUCA-TCRA3,data/P3408_LUCA-TCRA3/02_umi/14_05_2026_FULLRUN/per_sample_metrics.tsv,02 UMI consensus
GFB-61815,clibKH1602xnegative,02_umi_consensus,reads_in_singletons,1933138,TCRA3,P3408_LUCA-TCRA3,data/P3408_LUCA-TCRA3/02_umi/14_05_2026_FULLRUN/per_sample_metrics.tsv,02 UMI consensus
GFB-61815,clibKH1602xnegative,02_umi_consensus,umis_total,6890939,TCRA3,P3408_LUCA-TCRA3,data/P3408_LUCA-TCRA3/02_umi/14_05_2026_FULLRUN/per_sample_metrics.tsv,02 UMI consensus
GFB-61815,clibKH1602xnegative,02_umi_consensus,umis_consensus,4957801,TCRA3,P3408_LUCA-TCRA3,data/P3408_LUCA-TCRA3/02_umi/14_05_2026_FULLRUN/per_sample_metrics.tsv,02 UMI consensus
GFB-61815,clibKH1602xnegative,02_umi_consensus,umis_singleton,1933138,TCRA3,P3408_LUCA-TCRA3,data/P3408_LUCA-TCRA3/02_umi/14_05_2026_FULLRUN/per_sample_metrics.tsv,02 UMI consensus
GFB-61812,clibTitin2xnegative,02_umi_consensus,reads_in,26987943,TCRA3,P3408_LUCA-TCRA3,data/P3408_LUCA-TCRA3/02_umi/14_05_2026_FULLRUN/per_sample_metrics.tsv,02 UMI consensus
GFB-61812,clibTitin2xnegative,02_umi_consensus,reads_lost_too_short,0,TCRA3,P3408_LUCA-TCRA3,data/P3408_LUCA-TCRA3/02_umi/14_05_2026_FULLRUN/per_sample_metrics.tsv,02 UMI consensus
GFB-61812,clibTitin2xnegative,02_umi_consensus,reads_lost_no_anchor,527738,TCRA3,P3408_LUCA-TCRA3,data/P3408_LUCA-TCRA3/02_umi/14_05_2026_FULLRUN/per_sample_metrics.tsv,02 UMI consensus
GFB-61812,clibTitin2xnegative,02_umi_consensus,reads_lost_anchor_wrong_pos,75164,TCRA3,P3408_LUCA-TCRA3,data/P3408_LUCA-TCRA3/02_umi/14_05_2026_FULLRUN/per_sample_metrics.tsv,02 UMI consensus
GFB-61812,clibTitin2xnegative,02_umi_consensus,reads_lost_empty_insert,0,TCRA3,P3408_LUCA-TCRA3,data/P3408_LUCA-TCRA3/02_umi/14_05_2026_FULLRUN/per_sample_metrics.tsv,02 UMI consensus
GFB-61812,clibTitin2xnegative,02_umi_consensus,reads_in_consensus,24372510,TCRA3,P3408_LUCA-TCRA3,data/P3408_LUCA-TCRA3/02_umi/14_05_2026_FULLRUN/per_sample_metrics.tsv,02 UMI consensus
GFB-61812,clibTitin2xnegative,02_umi_consensus,reads_in_singletons,2012531,TCRA3,P3408_LUCA-TCRA3,data/P3408_LUCA-TCRA3/02_umi/14_05_2026_FULLRUN/per_sample_metrics.tsv,02 UMI consensus
GFB-61812,clibTitin2xnegative,02_umi_consensus,umis_total,7341905,TCRA3,P3408_LUCA-TCRA3,data/P3408_LUCA-TCRA3/02_umi/14_05_2026_FULLRUN/per_sample_metrics.tsv,02 UMI consensus
GFB-61812,clibTitin2xnegative,02_umi_consensus,umis_consensus,5329374,TCRA3,P3408_LUCA-TCRA3,data/P3408_LUCA-TCRA3/02_umi/14_05_2026_FULLRUN/per_sample_metrics.tsv,02 UMI consensus
GFB-61812,clibTitin2xnegative,02_umi_consensus,umis_singleton,2012531,TCRA3,P3408_LUCA-TCRA3,data/P3408_LUCA-TCRA3/02_umi/14_05_2026_FULLRUN/per_sample_metrics.tsv,02 UMI consensus
GFB-61816,clibKH1632xnegative,02_umi_consensus,reads_in,29684898,TCRA3,P3408_LUCA-TCRA3,data/P3408_LUCA-TCRA3/02_umi/14_05_2026_FULLRUN/per_sample_metrics.tsv,02 UMI consensus
GFB-61816,clibKH1632xnegative,02_umi_consensus,reads_lost_too_short,0,TCRA3,P3408_LUCA-TCRA3,data/P3408_LUCA-TCRA3/02_umi/14_05_2026_FULLRUN/per_sample_metrics.tsv,02 UMI consensus
GFB-61816,clibKH1632xnegative,02_umi_consensus,reads_lost_no_anchor,921069,TCRA3,P3408_LUCA-TCRA3,data/P3408_LUCA-TCRA3/02_umi/14_05_2026_FULLRUN/per_sample_metrics.tsv,02 UMI consensus
GFB-61816,clibKH1632xnegative,02_umi_consensus,reads_lost_anchor_wrong_pos,78411,TCRA3,P3408_LUCA-TCRA3,data/P3408_LUCA-TCRA3/02_umi/14_05_2026_FULLRUN/per_sample_metrics.tsv,02 UMI consensus
GFB-61816,clibKH1632xnegative,02_umi_consensus,reads_lost_empty_insert,0,TCRA3,P3408_LUCA-TCRA3,data/P3408_LUCA-TCRA3/02_umi/14_05_2026_FULLRUN/per_sample_metrics.tsv,02 UMI consensus
GFB-61816,clibKH1632xnegative,02_umi_consensus,reads_in_consensus,27004649,TCRA3,P3408_LUCA-TCRA3,data/P3408_LUCA-TCRA3/02_umi/14_05_2026_FULLRUN/per_sample_metrics.tsv,02 UMI consensus
GFB-61816,clibKH1632xnegative,02_umi_consensus,reads_in_singletons,1680769,TCRA3,P3408_LUCA-TCRA3,data/P3408_LUCA-TCRA3/02_umi/14_05_2026_FULLRUN/per_sample_metrics.tsv,02 UMI consensus
GFB-61816,clibKH1632xnegative,02_umi_consensus,umis_total,7063834,TCRA3,P3408_LUCA-TCRA3,data/P3408_LUCA-TCRA3/02_umi/14_05_2026_FULLRUN/per_sample_metrics.tsv,02 UMI consensus
GFB-61816,clibKH1632xnegative,02_umi_consensus,umis_consensus,5383065,TCRA3,P3408_LUCA-TCRA3,data/P3408_LUCA-TCRA3/02_umi/14_05_2026_FULLRUN/per_sample_metrics.tsv,02 UMI consensus
GFB-61816,clibKH1632xnegative,02_umi_consensus,umis_singleton,1680769,TCRA3,P3408_LUCA-TCRA3,data/P3408_LUCA-TCRA3/02_umi/14_05_2026_FULLRUN/per_sample_metrics.tsv,02 UMI consensus
GFB-61813,clibKH1582xnegative,02_umi_consensus,reads_in,31331769,TCRA3,P3408_LUCA-TCRA3,data/P3408_LUCA-TCRA3/02_umi/14_05_2026_FULLRUN/per_sample_metrics.tsv,02 UMI consensus
GFB-61813,clibKH1582xnegative,02_umi_consensus,reads_lost_too_short,0,TCRA3,P3408_LUCA-TCRA3,data/P3408_LUCA-TCRA3/02_umi/14_05_2026_FULLRUN/per_sample_metrics.tsv,02 UMI consensus
GFB-61813,clibKH1582xnegative,02_umi_consensus,reads_lost_no_anchor,1011952,TCRA3,P3408_LUCA-TCRA3,data/P3408_LUCA-TCRA3/02_umi/14_05_2026_FULLRUN/per_sample_metrics.tsv,02 UMI consensus
GFB-61813,clibKH1582xnegative,02_umi_consensus,reads_lost_anchor_wrong_pos,85464,TCRA3,P3408_LUCA-TCRA3,data/P3408_LUCA-TCRA3/02_umi/14_05_2026_FULLRUN/per_sample_metrics.tsv,02 UMI consensus
GFB-61813,clibKH1582xnegative,02_umi_consensus,reads_lost_empty_insert,0,TCRA3,P3408_LUCA-TCRA3,data/P3408_LUCA-TCRA3/02_umi/14_05_2026_FULLRUN/per_sample_metrics.tsv,02 UMI consensus
GFB-61813,clibKH1582xnegative,02_umi_consensus,reads_in_consensus,28351678,TCRA3,P3408_LUCA-TCRA3,data/P3408_LUCA-TCRA3/02_umi/14_05_2026_FULLRUN/per_sample_metrics.tsv,02 UMI consensus
GFB-61813,clibKH1582xnegative,02_umi_consensus,reads_in_singletons,1882675,TCRA3,P3408_LUCA-TCRA3,data/P3408_LUCA-TCRA3/02_umi/14_05_2026_FULLRUN/per_sample_metrics.tsv,02 UMI consensus
GFB-61813,clibKH1582xnegative,02_umi_consensus,umis_total,7641573,TCRA3,P3408_LUCA-TCRA3,data/P3408_LUCA-TCRA3/02_umi/14_05_2026_FULLRUN/per_sample_metrics.tsv,02 UMI consensus
GFB-61813,clibKH1582xnegative,02_umi_consensus,umis_consensus,5758898,TCRA3,P3408_LUCA-TCRA3,data/P3408_LUCA-TCRA3/02_umi/14_05_2026_FULLRUN/per_sample_metrics.tsv,02 UMI consensus
GFB-61813,clibKH1582xnegative,02_umi_consensus,umis_singleton,1882675,TCRA3,P3408_LUCA-TCRA3,data/P3408_LUCA-TCRA3/02_umi/14_05_2026_FULLRUN/per_sample_metrics.tsv,02 UMI consensus
GFB-61811,clibMAGE-A32xnegative,02_umi_consensus,reads_in,36523993,TCRA3,P3408_LUCA-TCRA3,data/P3408_LUCA-TCRA3/02_umi/14_05_2026_FULLRUN/per_sample_metrics.tsv,02 UMI consensus
GFB-61811,clibMAGE-A32xnegative,02_umi_consensus,reads_lost_too_short,0,TCRA3,P3408_LUCA-TCRA3,data/P3408_LUCA-TCRA3/02_umi/14_05_2026_FULLRUN/per_sample_metrics.tsv,02 UMI consensus
GFB-61811,clibMAGE-A32xnegative,02_umi_consensus,reads_lost_no_anchor,1193082,TCRA3,P3408_LUCA-TCRA3,data/P3408_LUCA-TCRA3/02_umi/14_05_2026_FULLRUN/per_sample_metrics.tsv,02 UMI consensus
GFB-61811,clibMAGE-A32xnegative,02_umi_consensus,reads_lost_anchor_wrong_pos,191961,TCRA3,P3408_LUCA-TCRA3,data/P3408_LUCA-TCRA3/02_umi/14_05_2026_FULLRUN/per_sample_metrics.tsv,02 UMI consensus
GFB-61811,clibMAGE-A32xnegative,02_umi_consensus,reads_lost_empty_insert,0,TCRA3,P3408_LUCA-TCRA3,data/P3408_LUCA-TCRA3/02_umi/14_05_2026_FULLRUN/per_sample_metrics.tsv,02 UMI consensus
GFB-61811,clibMAGE-A32xnegative,02_umi_consensus,reads_in_consensus,33245563,TCRA3,P3408_LUCA-TCRA3,data/P3408_LUCA-TCRA3/02_umi/14_05_2026_FULLRUN/per_sample_metrics.tsv,02 UMI consensus
GFB-61811,clibMAGE-A32xnegative,02_umi_consensus,reads_in_singletons,1893387,TCRA3,P3408_LUCA-TCRA3,data/P3408_LUCA-TCRA3/02_umi/14_05_2026_FULLRUN/per_sample_metrics.tsv,02 UMI consensus
GFB-61811,clibMAGE-A32xnegative,02_umi_consensus,umis_total,8328084,TCRA3,P3408_LUCA-TCRA3,data/P3408_LUCA-TCRA3/02_umi/14_05_2026_FULLRUN/per_sample_metrics.tsv,02 UMI consensus
GFB-61811,clibMAGE-A32xnegative,02_umi_consensus,umis_consensus,6434697,TCRA3,P3408_LUCA-TCRA3,data/P3408_LUCA-TCRA3/02_umi/14_05_2026_FULLRUN/per_sample_metrics.tsv,02 UMI consensus
GFB-61811,clibMAGE-A32xnegative,02_umi_consensus,umis_singleton,1893387,TCRA3,P3408_LUCA-TCRA3,data/P3408_LUCA-TCRA3/02_umi/14_05_2026_FULLRUN/per_sample_metrics.tsv,02 UMI consensus
GFB-61814,clibKH1592xnegative,02_umi_consensus,reads_in,45711036,TCRA3,P3408_LUCA-TCRA3,data/P3408_LUCA-TCRA3/02_umi/14_05_2026_FULLRUN/per_sample_metrics.tsv,02 UMI consensus
GFB-61814,clibKH1592xnegative,02_umi_consensus,reads_lost_too_short,0,TCRA3,P3408_LUCA-TCRA3,data/P3408_LUCA-TCRA3/02_umi/14_05_2026_FULLRUN/per_sample_metrics.tsv,02 UMI consensus
GFB-61814,clibKH1592xnegative,02_umi_consensus,reads_lost_no_anchor,1083498,TCRA3,P3408_LUCA-TCRA3,data/P3408_LUCA-TCRA3/02_umi/14_05_2026_FULLRUN/per_sample_metrics.tsv,02 UMI consensus
GFB-61814,clibKH1592xnegative,02_umi_consensus,reads_lost_anchor_wrong_pos,104724,TCRA3,P3408_LUCA-TCRA3,data/P3408_LUCA-TCRA3/02_umi/14_05_2026_FULLRUN/per_sample_metrics.tsv,02 UMI consensus
GFB-61814,clibKH1592xnegative,02_umi_consensus,reads_lost_empty_insert,0,TCRA3,P3408_LUCA-TCRA3,data/P3408_LUCA-TCRA3/02_umi/14_05_2026_FULLRUN/per_sample_metrics.tsv,02 UMI consensus
GFB-61814,clibKH1592xnegative,02_umi_consensus,reads_in_consensus,42777928,TCRA3,P3408_LUCA-TCRA3,data/P3408_LUCA-TCRA3/02_umi/14_05_2026_FULLRUN/per_sample_metrics.tsv,02 UMI consensus
GFB-61814,clibKH1592xnegative,02_umi_consensus,reads_in_singletons,1744886,TCRA3,P3408_LUCA-TCRA3,data/P3408_LUCA-TCRA3/02_umi/14_05_2026_FULLRUN/per_sample_metrics.tsv,02 UMI consensus
GFB-61814,clibKH1592xnegative,02_umi_consensus,umis_total,9030089,TCRA3,P3408_LUCA-TCRA3,data/P3408_LUCA-TCRA3/02_umi/14_05_2026_FULLRUN/per_sample_metrics.tsv,02 UMI consensus
GFB-61814,clibKH1592xnegative,02_umi_consensus,umis_consensus,7285203,TCRA3,P3408_LUCA-TCRA3,data/P3408_LUCA-TCRA3/02_umi/14_05_2026_FULLRUN/per_sample_metrics.tsv,02 UMI consensus
GFB-61814,clibKH1592xnegative,02_umi_consensus,umis_singleton,1744886,TCRA3,P3408_LUCA-TCRA3,data/P3408_LUCA-TCRA3/02_umi/14_05_2026_FULLRUN/per_sample_metrics.tsv,02 UMI consensus
GFB-61840,cliboriginallib,02_umi_consensus,reads_in,44651295,TCRA3,P3408_LUCA-TCRA3,data/P3408_LUCA-TCRA3/02_umi/14_05_2026_FULLRUN/per_sample_metrics.tsv,02 UMI consensus
GFB-61840,cliboriginallib,02_umi_consensus,reads_lost_too_short,0,TCRA3,P3408_LUCA-TCRA3,data/P3408_LUCA-TCRA3/02_umi/14_05_2026_FULLRUN/per_sample_metrics.tsv,02 UMI consensus
GFB-61840,cliboriginallib,02_umi_consensus,reads_lost_no_anchor,2830122,TCRA3,P3408_LUCA-TCRA3,data/P3408_LUCA-TCRA3/02_umi/14_05_2026_FULLRUN/per_sample_metrics.tsv,02 UMI consensus
GFB-61840,cliboriginallib,02_umi_consensus,reads_lost_anchor_wrong_pos,100397,TCRA3,P3408_LUCA-TCRA3,data/P3408_LUCA-TCRA3/02_umi/14_05_2026_FULLRUN/per_sample_metrics.tsv,02 UMI consensus
GFB-61840,cliboriginallib,02_umi_consensus,reads_lost_empty_insert,0,TCRA3,P3408_LUCA-TCRA3,data/P3408_LUCA-TCRA3/02_umi/14_05_2026_FULLRUN/per_sample_metrics.tsv,02 UMI consensus
GFB-61840,cliboriginallib,02_umi_consensus,reads_in_consensus,40032277,TCRA3,P3408_LUCA-TCRA3,data/P3408_LUCA-TCRA3/02_umi/14_05_2026_FULLRUN/per_sample_metrics.tsv,02 UMI consensus
GFB-61840,cliboriginallib,02_umi_consensus,reads_in_singletons,1688499,TCRA3,P3408_LUCA-TCRA3,data/P3408_LUCA-TCRA3/02_umi/14_05_2026_FULLRUN/per_sample_metrics.tsv,02 UMI consensus
GFB-61840,cliboriginallib,02_umi_consensus,umis_total,8368660,TCRA3,P3408_LUCA-TCRA3,data/P3408_LUCA-TCRA3/02_umi/14_05_2026_FULLRUN/per_sample_metrics.tsv,02 UMI consensus
GFB-61840,cliboriginallib,02_umi_consensus,umis_consensus,6680161,TCRA3,P3408_LUCA-TCRA3,data/P3408_LUCA-TCRA3/02_umi/14_05_2026_FULLRUN/per_sample_metrics.tsv,02 UMI consensus
GFB-61840,cliboriginallib,02_umi_consensus,umis_singleton,1688499,TCRA3,P3408_LUCA-TCRA3,data/P3408_LUCA-TCRA3/02_umi/14_05_2026_FULLRUN/per_sample_metrics.tsv,02 UMI consensus
GFB-61818,clibKH1652xnegative,02_umi_consensus,reads_in,50629165,TCRA3,P3408_LUCA-TCRA3,data/P3408_LUCA-TCRA3/02_umi/14_05_2026_FULLRUN/per_sample_metrics.tsv,02 UMI consensus
GFB-61818,clibKH1652xnegative,02_umi_consensus,reads_lost_too_short,0,TCRA3,P3408_LUCA-TCRA3,data/P3408_LUCA-TCRA3/02_umi/14_05_2026_FULLRUN/per_sample_metrics.tsv,02 UMI consensus
GFB-61818,clibKH1652xnegative,02_umi_consensus,reads_lost_no_anchor,955523,TCRA3,P3408_LUCA-TCRA3,data/P3408_LUCA-TCRA3/02_umi/14_05_2026_FULLRUN/per_sample_metrics.tsv,02 UMI consensus
GFB-61818,clibKH1652xnegative,02_umi_consensus,reads_lost_anchor_wrong_pos,119169,TCRA3,P3408_LUCA-TCRA3,data/P3408_LUCA-TCRA3/02_umi/14_05_2026_FULLRUN/per_sample_metrics.tsv,02 UMI consensus
GFB-61818,clibKH1652xnegative,02_umi_consensus,reads_lost_empty_insert,0,TCRA3,P3408_LUCA-TCRA3,data/P3408_LUCA-TCRA3/02_umi/14_05_2026_FULLRUN/per_sample_metrics.tsv,02 UMI consensus
GFB-61818,clibKH1652xnegative,02_umi_consensus,reads_in_consensus,48141590,TCRA3,P3408_LUCA-TCRA3,data/P3408_LUCA-TCRA3/02_umi/14_05_2026_FULLRUN/per_sample_metrics.tsv,02 UMI consensus
GFB-61818,clibKH1652xnegative,02_umi_consensus,reads_in_singletons,1412883,TCRA3,P3408_LUCA-TCRA3,data/P3408_LUCA-TCRA3/02_umi/14_05_2026_FULLRUN/per_sample_metrics.tsv,02 UMI consensus
GFB-61818,clibKH1652xnegative,02_umi_consensus,umis_total,8725706,TCRA3,P3408_LUCA-TCRA3,data/P3408_LUCA-TCRA3/02_umi/14_05_2026_FULLRUN/per_sample_metrics.tsv,02 UMI consensus
GFB-61818,clibKH1652xnegative,02_umi_consensus,umis_consensus,7312823,TCRA3,P3408_LUCA-TCRA3,data/P3408_LUCA-TCRA3/02_umi/14_05_2026_FULLRUN/per_sample_metrics.tsv,02 UMI consensus
GFB-61818,clibKH1652xnegative,02_umi_consensus,umis_singleton,1412883,TCRA3,P3408_LUCA-TCRA3,data/P3408_LUCA-TCRA3/02_umi/14_05_2026_FULLRUN/per_sample_metrics.tsv,02 UMI consensus
GFB-61819,clibKH1672xnegative,02_umi_consensus,reads_in,67820817,TCRA3,P3408_LUCA-TCRA3,data/P3408_LUCA-TCRA3/02_umi/14_05_2026_FULLRUN/per_sample_metrics.tsv,02 UMI consensus
GFB-61819,clibKH1672xnegative,02_umi_consensus,reads_lost_too_short,0,TCRA3,P3408_LUCA-TCRA3,data/P3408_LUCA-TCRA3/02_umi/14_05_2026_FULLRUN/per_sample_metrics.tsv,02 UMI consensus
GFB-61819,clibKH1672xnegative,02_umi_consensus,reads_lost_no_anchor,1975988,TCRA3,P3408_LUCA-TCRA3,data/P3408_LUCA-TCRA3/02_umi/14_05_2026_FULLRUN/per_sample_metrics.tsv,02 UMI consensus
GFB-61819,clibKH1672xnegative,02_umi_consensus,reads_lost_anchor_wrong_pos,156665,TCRA3,P3408_LUCA-TCRA3,data/P3408_LUCA-TCRA3/02_umi/14_05_2026_FULLRUN/per_sample_metrics.tsv,02 UMI consensus
GFB-61819,clibKH1672xnegative,02_umi_consensus,reads_lost_empty_insert,0,TCRA3,P3408_LUCA-TCRA3,data/P3408_LUCA-TCRA3/02_umi/14_05_2026_FULLRUN/per_sample_metrics.tsv,02 UMI consensus
GFB-61819,clibKH1672xnegative,02_umi_consensus,reads_in_consensus,64711320,TCRA3,P3408_LUCA-TCRA3,data/P3408_LUCA-TCRA3/02_umi/14_05_2026_FULLRUN/per_sample_metrics.tsv,02 UMI consensus
GFB-61819,clibKH1672xnegative,02_umi_consensus,reads_in_singletons,976844,TCRA3,P3408_LUCA-TCRA3,data/P3408_LUCA-TCRA3/02_umi/14_05_2026_FULLRUN/per_sample_metrics.tsv,02 UMI consensus
GFB-61819,clibKH1672xnegative,02_umi_consensus,umis_total,7822776,TCRA3,P3408_LUCA-TCRA3,data/P3408_LUCA-TCRA3/02_umi/14_05_2026_FULLRUN/per_sample_metrics.tsv,02 UMI consensus
GFB-61819,clibKH1672xnegative,02_umi_consensus,umis_consensus,6845932,TCRA3,P3408_LUCA-TCRA3,data/P3408_LUCA-TCRA3/02_umi/14_05_2026_FULLRUN/per_sample_metrics.tsv,02 UMI consensus
GFB-61819,clibKH1672xnegative,02_umi_consensus,umis_singleton,976844,TCRA3,P3408_LUCA-TCRA3,data/P3408_LUCA-TCRA3/02_umi/14_05_2026_FULLRUN/per_sample_metrics.tsv,02 UMI consensus
GFB-61811,clibMAGE-A32xnegative,02a_singleton_rescue,reads_in,1893387,TCRA3,P3408_LUCA-TCRA3,data/P3408_LUCA-TCRA3/02_umi/14_05_2026_FULLRUN/per_sample_metrics.tsv,02a singleton rescue
GFB-61811,clibMAGE-A32xnegative,02a_singleton_rescue,reads_lost_no_anchor,134513,TCRA3,P3408_LUCA-TCRA3,data/P3408_LUCA-TCRA3/02_umi/14_05_2026_FULLRUN/per_sample_metrics.tsv,02a singleton rescue
GFB-61811,clibMAGE-A32xnegative,02a_singleton_rescue,reads_lost_too_short,539,TCRA3,P3408_LUCA-TCRA3,data/P3408_LUCA-TCRA3/02_umi/14_05_2026_FULLRUN/per_sample_metrics.tsv,02a singleton rescue
GFB-61811,clibMAGE-A32xnegative,02a_singleton_rescue,reads_extracted,1758335,TCRA3,P3408_LUCA-TCRA3,data/P3408_LUCA-TCRA3/02_umi/14_05_2026_FULLRUN/per_sample_metrics.tsv,02a singleton rescue
GFB-61811,clibMAGE-A32xnegative,02a_singleton_rescue,variants_total,57590,TCRA3,P3408_LUCA-TCRA3,data/P3408_LUCA-TCRA3/02_umi/14_05_2026_FULLRUN/per_sample_metrics.tsv,02a singleton rescue
GFB-61811,clibMAGE-A32xnegative,02a_singleton_rescue,variants_kept,25804,TCRA3,P3408_LUCA-TCRA3,data/P3408_LUCA-TCRA3/02_umi/14_05_2026_FULLRUN/per_sample_metrics.tsv,02a singleton rescue
GFB-61811,clibMAGE-A32xnegative,02a_singleton_rescue,reads_rescued,1678637,TCRA3,P3408_LUCA-TCRA3,data/P3408_LUCA-TCRA3/02_umi/14_05_2026_FULLRUN/per_sample_metrics.tsv,02a singleton rescue
GFB-61812,clibTitin2xnegative,02a_singleton_rescue,reads_in,2012531,TCRA3,P3408_LUCA-TCRA3,data/P3408_LUCA-TCRA3/02_umi/14_05_2026_FULLRUN/per_sample_metrics.tsv,02a singleton rescue
GFB-61812,clibTitin2xnegative,02a_singleton_rescue,reads_lost_no_anchor,133790,TCRA3,P3408_LUCA-TCRA3,data/P3408_LUCA-TCRA3/02_umi/14_05_2026_FULLRUN/per_sample_metrics.tsv,02a singleton rescue
GFB-61812,clibTitin2xnegative,02a_singleton_rescue,reads_lost_too_short,351,TCRA3,P3408_LUCA-TCRA3,data/P3408_LUCA-TCRA3/02_umi/14_05_2026_FULLRUN/per_sample_metrics.tsv,02a singleton rescue
GFB-61812,clibTitin2xnegative,02a_singleton_rescue,reads_extracted,1878390,TCRA3,P3408_LUCA-TCRA3,data/P3408_LUCA-TCRA3/02_umi/14_05_2026_FULLRUN/per_sample_metrics.tsv,02a singleton rescue
GFB-61812,clibTitin2xnegative,02a_singleton_rescue,variants_total,57720,TCRA3,P3408_LUCA-TCRA3,data/P3408_LUCA-TCRA3/02_umi/14_05_2026_FULLRUN/per_sample_metrics.tsv,02a singleton rescue
GFB-61812,clibTitin2xnegative,02a_singleton_rescue,variants_kept,27326,TCRA3,P3408_LUCA-TCRA3,data/P3408_LUCA-TCRA3/02_umi/14_05_2026_FULLRUN/per_sample_metrics.tsv,02a singleton rescue
GFB-61812,clibTitin2xnegative,02a_singleton_rescue,reads_rescued,1798550,TCRA3,P3408_LUCA-TCRA3,data/P3408_LUCA-TCRA3/02_umi/14_05_2026_FULLRUN/per_sample_metrics.tsv,02a singleton rescue
GFB-61813,clibKH1582xnegative,02a_singleton_rescue,reads_in,1882675,TCRA3,P3408_LUCA-TCRA3,data/P3408_LUCA-TCRA3/02_umi/14_05_2026_FULLRUN/per_sample_metrics.tsv,02a singleton rescue
GFB-61813,clibKH1582xnegative,02a_singleton_rescue,reads_lost_no_anchor,148133,TCRA3,P3408_LUCA-TCRA3,data/P3408_LUCA-TCRA3/02_umi/14_05_2026_FULLRUN/per_sample_metrics.tsv,02a singleton rescue
GFB-61813,clibKH1582xnegative,02a_singleton_rescue,reads_lost_too_short,346,TCRA3,P3408_LUCA-TCRA3,data/P3408_LUCA-TCRA3/02_umi/14_05_2026_FULLRUN/per_sample_metrics.tsv,02a singleton rescue
GFB-61813,clibKH1582xnegative,02a_singleton_rescue,reads_extracted,1734196,TCRA3,P3408_LUCA-TCRA3,data/P3408_LUCA-TCRA3/02_umi/14_05_2026_FULLRUN/per_sample_metrics.tsv,02a singleton rescue
GFB-61813,clibKH1582xnegative,02a_singleton_rescue,variants_total,60603,TCRA3,P3408_LUCA-TCRA3,data/P3408_LUCA-TCRA3/02_umi/14_05_2026_FULLRUN/per_sample_metrics.tsv,02a singleton rescue
GFB-61813,clibKH1582xnegative,02a_singleton_rescue,variants_kept,27140,TCRA3,P3408_LUCA-TCRA3,data/P3408_LUCA-TCRA3/02_umi/14_05_2026_FULLRUN/per_sample_metrics.tsv,02a singleton rescue
GFB-61813,clibKH1582xnegative,02a_singleton_rescue,reads_rescued,1648229,TCRA3,P3408_LUCA-TCRA3,data/P3408_LUCA-TCRA3/02_umi/14_05_2026_FULLRUN/per_sample_metrics.tsv,02a singleton rescue
GFB-61814,clibKH1592xnegative,02a_singleton_rescue,reads_in,1744886,TCRA3,P3408_LUCA-TCRA3,data/P3408_LUCA-TCRA3/02_umi/14_05_2026_FULLRUN/per_sample_metrics.tsv,02a singleton rescue
GFB-61814,clibKH1592xnegative,02a_singleton_rescue,reads_lost_no_anchor,115642,TCRA3,P3408_LUCA-TCRA3,data/P3408_LUCA-TCRA3/02_umi/14_05_2026_FULLRUN/per_sample_metrics.tsv,02a singleton rescue
GFB-61814,clibKH1592xnegative,02a_singleton_rescue,reads_lost_too_short,687,TCRA3,P3408_LUCA-TCRA3,data/P3408_LUCA-TCRA3/02_umi/14_05_2026_FULLRUN/per_sample_metrics.tsv,02a singleton rescue
GFB-61814,clibKH1592xnegative,02a_singleton_rescue,reads_extracted,1628557,TCRA3,P3408_LUCA-TCRA3,data/P3408_LUCA-TCRA3/02_umi/14_05_2026_FULLRUN/per_sample_metrics.tsv,02a singleton rescue
GFB-61814,clibKH1592xnegative,02a_singleton_rescue,variants_total,53526,TCRA3,P3408_LUCA-TCRA3,data/P3408_LUCA-TCRA3/02_umi/14_05_2026_FULLRUN/per_sample_metrics.tsv,02a singleton rescue
GFB-61814,clibKH1592xnegative,02a_singleton_rescue,variants_kept,25868,TCRA3,P3408_LUCA-TCRA3,data/P3408_LUCA-TCRA3/02_umi/14_05_2026_FULLRUN/per_sample_metrics.tsv,02a singleton rescue
GFB-61814,clibKH1592xnegative,02a_singleton_rescue,reads_rescued,1556590,TCRA3,P3408_LUCA-TCRA3,data/P3408_LUCA-TCRA3/02_umi/14_05_2026_FULLRUN/per_sample_metrics.tsv,02a singleton rescue
GFB-61815,clibKH1602xnegative,02a_singleton_rescue,reads_in,1933138,TCRA3,P3408_LUCA-TCRA3,data/P3408_LUCA-TCRA3/02_umi/14_05_2026_FULLRUN/per_sample_metrics.tsv,02a singleton rescue
GFB-61815,clibKH1602xnegative,02a_singleton_rescue,reads_lost_no_anchor,137352,TCRA3,P3408_LUCA-TCRA3,data/P3408_LUCA-TCRA3/02_umi/14_05_2026_FULLRUN/per_sample_metrics.tsv,02a singleton rescue
GFB-61815,clibKH1602xnegative,02a_singleton_rescue,reads_lost_too_short,475,TCRA3,P3408_LUCA-TCRA3,data/P3408_LUCA-TCRA3/02_umi/14_05_2026_FULLRUN/per_sample_metrics.tsv,02a singleton rescue
GFB-61815,clibKH1602xnegative,02a_singleton_rescue,reads_extracted,1795311,TCRA3,P3408_LUCA-TCRA3,data/P3408_LUCA-TCRA3/02_umi/14_05_2026_FULLRUN/per_sample_metrics.tsv,02a singleton rescue
GFB-61815,clibKH1602xnegative,02a_singleton_rescue,variants_total,53865,TCRA3,P3408_LUCA-TCRA3,data/P3408_LUCA-TCRA3/02_umi/14_05_2026_FULLRUN/per_sample_metrics.tsv,02a singleton rescue
GFB-61815,clibKH1602xnegative,02a_singleton_rescue,variants_kept,25673,TCRA3,P3408_LUCA-TCRA3,data/P3408_LUCA-TCRA3/02_umi/14_05_2026_FULLRUN/per_sample_metrics.tsv,02a singleton rescue
GFB-61815,clibKH1602xnegative,02a_singleton_rescue,reads_rescued,1720256,TCRA3,P3408_LUCA-TCRA3,data/P3408_LUCA-TCRA3/02_umi/14_05_2026_FULLRUN/per_sample_metrics.tsv,02a singleton rescue
GFB-61816,clibKH1632xnegative,02a_singleton_rescue,reads_in,1680769,TCRA3,P3408_LUCA-TCRA3,data/P3408_LUCA-TCRA3/02_umi/14_05_2026_FULLRUN/per_sample_metrics.tsv,02a singleton rescue
GFB-61816,clibKH1632xnegative,02a_singleton_rescue,reads_lost_no_anchor,129065,TCRA3,P3408_LUCA-TCRA3,data/P3408_LUCA-TCRA3/02_umi/14_05_2026_FULLRUN/per_sample_metrics.tsv,02a singleton rescue
GFB-61816,clibKH1632xnegative,02a_singleton_rescue,reads_lost_too_short,383,TCRA3,P3408_LUCA-TCRA3,data/P3408_LUCA-TCRA3/02_umi/14_05_2026_FULLRUN/per_sample_metrics.tsv,02a singleton rescue
GFB-61816,clibKH1632xnegative,02a_singleton_rescue,reads_extracted,1551321,TCRA3,P3408_LUCA-TCRA3,data/P3408_LUCA-TCRA3/02_umi/14_05_2026_FULLRUN/per_sample_metrics.tsv,02a singleton rescue
GFB-61816,clibKH1632xnegative,02a_singleton_rescue,variants_total,53298,TCRA3,P3408_LUCA-TCRA3,data/P3408_LUCA-TCRA3/02_umi/14_05_2026_FULLRUN/per_sample_metrics.tsv,02a singleton rescue
GFB-61816,clibKH1632xnegative,02a_singleton_rescue,variants_kept,24650,TCRA3,P3408_LUCA-TCRA3,data/P3408_LUCA-TCRA3/02_umi/14_05_2026_FULLRUN/per_sample_metrics.tsv,02a singleton rescue
GFB-61816,clibKH1632xnegative,02a_singleton_rescue,reads_rescued,1472433,TCRA3,P3408_LUCA-TCRA3,data/P3408_LUCA-TCRA3/02_umi/14_05_2026_FULLRUN/per_sample_metrics.tsv,02a singleton rescue
GFB-61817,clibKH1642xnegative,02a_singleton_rescue,reads_in,2108972,TCRA3,P3408_LUCA-TCRA3,data/P3408_LUCA-TCRA3/02_umi/14_05_2026_FULLRUN/per_sample_metrics.tsv,02a singleton rescue
GFB-61817,clibKH1642xnegative,02a_singleton_rescue,reads_lost_no_anchor,155030,TCRA3,P3408_LUCA-TCRA3,data/P3408_LUCA-TCRA3/02_umi/14_05_2026_FULLRUN/per_sample_metrics.tsv,02a singleton rescue
GFB-61817,clibKH1642xnegative,02a_singleton_rescue,reads_lost_too_short,251,TCRA3,P3408_LUCA-TCRA3,data/P3408_LUCA-TCRA3/02_umi/14_05_2026_FULLRUN/per_sample_metrics.tsv,02a singleton rescue
GFB-61817,clibKH1642xnegative,02a_singleton_rescue,reads_extracted,1953691,TCRA3,P3408_LUCA-TCRA3,data/P3408_LUCA-TCRA3/02_umi/14_05_2026_FULLRUN/per_sample_metrics.tsv,02a singleton rescue
GFB-61817,clibKH1642xnegative,02a_singleton_rescue,variants_total,51339,TCRA3,P3408_LUCA-TCRA3,data/P3408_LUCA-TCRA3/02_umi/14_05_2026_FULLRUN/per_sample_metrics.tsv,02a singleton rescue
GFB-61817,clibKH1642xnegative,02a_singleton_rescue,variants_kept,26411,TCRA3,P3408_LUCA-TCRA3,data/P3408_LUCA-TCRA3/02_umi/14_05_2026_FULLRUN/per_sample_metrics.tsv,02a singleton rescue
GFB-61817,clibKH1642xnegative,02a_singleton_rescue,reads_rescued,1890545,TCRA3,P3408_LUCA-TCRA3,data/P3408_LUCA-TCRA3/02_umi/14_05_2026_FULLRUN/per_sample_metrics.tsv,02a singleton rescue
GFB-61818,clibKH1652xnegative,02a_singleton_rescue,reads_in,1412883,TCRA3,P3408_LUCA-TCRA3,data/P3408_LUCA-TCRA3/02_umi/14_05_2026_FULLRUN/per_sample_metrics.tsv,02a singleton rescue
GFB-61818,clibKH1652xnegative,02a_singleton_rescue,reads_lost_no_anchor,97305,TCRA3,P3408_LUCA-TCRA3,data/P3408_LUCA-TCRA3/02_umi/14_05_2026_FULLRUN/per_sample_metrics.tsv,02a singleton rescue
GFB-61818,clibKH1652xnegative,02a_singleton_rescue,reads_lost_too_short,399,TCRA3,P3408_LUCA-TCRA3,data/P3408_LUCA-TCRA3/02_umi/14_05_2026_FULLRUN/per_sample_metrics.tsv,02a singleton rescue
GFB-61818,clibKH1652xnegative,02a_singleton_rescue,reads_extracted,1315179,TCRA3,P3408_LUCA-TCRA3,data/P3408_LUCA-TCRA3/02_umi/14_05_2026_FULLRUN/per_sample_metrics.tsv,02a singleton rescue
GFB-61818,clibKH1652xnegative,02a_singleton_rescue,variants_total,55536,TCRA3,P3408_LUCA-TCRA3,data/P3408_LUCA-TCRA3/02_umi/14_05_2026_FULLRUN/per_sample_metrics.tsv,02a singleton rescue
GFB-61818,clibKH1652xnegative,02a_singleton_rescue,variants_kept,24740,TCRA3,P3408_LUCA-TCRA3,data/P3408_LUCA-TCRA3/02_umi/14_05_2026_FULLRUN/per_sample_metrics.tsv,02a singleton rescue
GFB-61818,clibKH1652xnegative,02a_singleton_rescue,reads_rescued,1227627,TCRA3,P3408_LUCA-TCRA3,data/P3408_LUCA-TCRA3/02_umi/14_05_2026_FULLRUN/per_sample_metrics.tsv,02a singleton rescue
GFB-61819,clibKH1672xnegative,02a_singleton_rescue,reads_in,976844,TCRA3,P3408_LUCA-TCRA3,data/P3408_LUCA-TCRA3/02_umi/14_05_2026_FULLRUN/per_sample_metrics.tsv,02a singleton rescue
GFB-61819,clibKH1672xnegative,02a_singleton_rescue,reads_lost_no_anchor,106425,TCRA3,P3408_LUCA-TCRA3,data/P3408_LUCA-TCRA3/02_umi/14_05_2026_FULLRUN/per_sample_metrics.tsv,02a singleton rescue
GFB-61819,clibKH1672xnegative,02a_singleton_rescue,reads_lost_too_short,208,TCRA3,P3408_LUCA-TCRA3,data/P3408_LUCA-TCRA3/02_umi/14_05_2026_FULLRUN/per_sample_metrics.tsv,02a singleton rescue
GFB-61819,clibKH1672xnegative,02a_singleton_rescue,reads_extracted,870211,TCRA3,P3408_LUCA-TCRA3,data/P3408_LUCA-TCRA3/02_umi/14_05_2026_FULLRUN/per_sample_metrics.tsv,02a singleton rescue
GFB-61819,clibKH1672xnegative,02a_singleton_rescue,variants_total,50401,TCRA3,P3408_LUCA-TCRA3,data/P3408_LUCA-TCRA3/02_umi/14_05_2026_FULLRUN/per_sample_metrics.tsv,02a singleton rescue
GFB-61819,clibKH1672xnegative,02a_singleton_rescue,variants_kept,18998,TCRA3,P3408_LUCA-TCRA3,data/P3408_LUCA-TCRA3/02_umi/14_05_2026_FULLRUN/per_sample_metrics.tsv,02a singleton rescue
GFB-61819,clibKH1672xnegative,02a_singleton_rescue,reads_rescued,782688,TCRA3,P3408_LUCA-TCRA3,data/P3408_LUCA-TCRA3/02_umi/14_05_2026_FULLRUN/per_sample_metrics.tsv,02a singleton rescue
GFB-61820,clibMAGE-A32xpositive,02a_singleton_rescue,reads_in,938840,TCRA3,P3408_LUCA-TCRA3,data/P3408_LUCA-TCRA3/02_umi/14_05_2026_FULLRUN/per_sample_metrics.tsv,02a singleton rescue
GFB-61820,clibMAGE-A32xpositive,02a_singleton_rescue,reads_lost_no_anchor,63930,TCRA3,P3408_LUCA-TCRA3,data/P3408_LUCA-TCRA3/02_umi/14_05_2026_FULLRUN/per_sample_metrics.tsv,02a singleton rescue
GFB-61820,clibMAGE-A32xpositive,02a_singleton_rescue,reads_lost_too_short,13,TCRA3,P3408_LUCA-TCRA3,data/P3408_LUCA-TCRA3/02_umi/14_05_2026_FULLRUN/per_sample_metrics.tsv,02a singleton rescue
GFB-61820,clibMAGE-A32xpositive,02a_singleton_rescue,reads_extracted,874897,TCRA3,P3408_LUCA-TCRA3,data/P3408_LUCA-TCRA3/02_umi/14_05_2026_FULLRUN/per_sample_metrics.tsv,02a singleton rescue
GFB-61820,clibMAGE-A32xpositive,02a_singleton_rescue,variants_total,12503,TCRA3,P3408_LUCA-TCRA3,data/P3408_LUCA-TCRA3/02_umi/14_05_2026_FULLRUN/per_sample_metrics.tsv,02a singleton rescue
GFB-61820,clibMAGE-A32xpositive,02a_singleton_rescue,variants_kept,4898,TCRA3,P3408_LUCA-TCRA3,data/P3408_LUCA-TCRA3/02_umi/14_05_2026_FULLRUN/per_sample_metrics.tsv,02a singleton rescue
GFB-61820,clibMAGE-A32xpositive,02a_singleton_rescue,reads_rescued,858790,TCRA3,P3408_LUCA-TCRA3,data/P3408_LUCA-TCRA3/02_umi/14_05_2026_FULLRUN/per_sample_metrics.tsv,02a singleton rescue
GFB-61821,clibTitin2xpositive,02a_singleton_rescue,reads_in,969093,TCRA3,P3408_LUCA-TCRA3,data/P3408_LUCA-TCRA3/02_umi/14_05_2026_FULLRUN/per_sample_metrics.tsv,02a singleton rescue
GFB-61821,clibTitin2xpositive,02a_singleton_rescue,reads_lost_no_anchor,63851,TCRA3,P3408_LUCA-TCRA3,data/P3408_LUCA-TCRA3/02_umi/14_05_2026_FULLRUN/per_sample_metrics.tsv,02a singleton rescue
GFB-61821,clibTitin2xpositive,02a_singleton_rescue,reads_lost_too_short,81,TCRA3,P3408_LUCA-TCRA3,data/P3408_LUCA-TCRA3/02_umi/14_05_2026_FULLRUN/per_sample_metrics.tsv,02a singleton rescue
GFB-61821,clibTitin2xpositive,02a_singleton_rescue,reads_extracted,905161,TCRA3,P3408_LUCA-TCRA3,data/P3408_LUCA-TCRA3/02_umi/14_05_2026_FULLRUN/per_sample_metrics.tsv,02a singleton rescue
GFB-61821,clibTitin2xpositive,02a_singleton_rescue,variants_total,11355,TCRA3,P3408_LUCA-TCRA3,data/P3408_LUCA-TCRA3/02_umi/14_05_2026_FULLRUN/per_sample_metrics.tsv,02a singleton rescue
GFB-61821,clibTitin2xpositive,02a_singleton_rescue,variants_kept,4696,TCRA3,P3408_LUCA-TCRA3,data/P3408_LUCA-TCRA3/02_umi/14_05_2026_FULLRUN/per_sample_metrics.tsv,02a singleton rescue
GFB-61821,clibTitin2xpositive,02a_singleton_rescue,reads_rescued,892635,TCRA3,P3408_LUCA-TCRA3,data/P3408_LUCA-TCRA3/02_umi/14_05_2026_FULLRUN/per_sample_metrics.tsv,02a singleton rescue
GFB-61822,clibMAGE-A33xpositive,02a_singleton_rescue,reads_in,586768,TCRA3,P3408_LUCA-TCRA3,data/P3408_LUCA-TCRA3/02_umi/14_05_2026_FULLRUN/per_sample_metrics.tsv,02a singleton rescue
GFB-61822,clibMAGE-A33xpositive,02a_singleton_rescue,reads_lost_no_anchor,35476,TCRA3,P3408_LUCA-TCRA3,data/P3408_LUCA-TCRA3/02_umi/14_05_2026_FULLRUN/per_sample_metrics.tsv,02a singleton rescue
GFB-61822,clibMAGE-A33xpositive,02a_singleton_rescue,reads_lost_too_short,4,TCRA3,P3408_LUCA-TCRA3,data/P3408_LUCA-TCRA3/02_umi/14_05_2026_FULLRUN/per_sample_metrics.tsv,02a singleton rescue
GFB-61822,clibMAGE-A33xpositive,02a_singleton_rescue,reads_extracted,551288,TCRA3,P3408_LUCA-TCRA3,data/P3408_LUCA-TCRA3/02_umi/14_05_2026_FULLRUN/per_sample_metrics.tsv,02a singleton rescue
GFB-61822,clibMAGE-A33xpositive,02a_singleton_rescue,variants_total,8469,TCRA3,P3408_LUCA-TCRA3,data/P3408_LUCA-TCRA3/02_umi/14_05_2026_FULLRUN/per_sample_metrics.tsv,02a singleton rescue
GFB-61822,clibMAGE-A33xpositive,02a_singleton_rescue,variants_kept,2843,TCRA3,P3408_LUCA-TCRA3,data/P3408_LUCA-TCRA3/02_umi/14_05_2026_FULLRUN/per_sample_metrics.tsv,02a singleton rescue
GFB-61822,clibMAGE-A33xpositive,02a_singleton_rescue,reads_rescued,539409,TCRA3,P3408_LUCA-TCRA3,data/P3408_LUCA-TCRA3/02_umi/14_05_2026_FULLRUN/per_sample_metrics.tsv,02a singleton rescue
GFB-61823,clibTitin3xpositive,02a_singleton_rescue,reads_in,1280647,TCRA3,P3408_LUCA-TCRA3,data/P3408_LUCA-TCRA3/02_umi/14_05_2026_FULLRUN/per_sample_metrics.tsv,02a singleton rescue
GFB-61823,clibTitin3xpositive,02a_singleton_rescue,reads_lost_no_anchor,64966,TCRA3,P3408_LUCA-TCRA3,data/P3408_LUCA-TCRA3/02_umi/14_05_2026_FULLRUN/per_sample_metrics.tsv,02a singleton rescue
GFB-61823,clibTitin3xpositive,02a_singleton_rescue,reads_lost_too_short,118,TCRA3,P3408_LUCA-TCRA3,data/P3408_LUCA-TCRA3/02_umi/14_05_2026_FULLRUN/per_sample_metrics.tsv,02a singleton rescue
GFB-61823,clibTitin3xpositive,02a_singleton_rescue,reads_extracted,1215563,TCRA3,P3408_LUCA-TCRA3,data/P3408_LUCA-TCRA3/02_umi/14_05_2026_FULLRUN/per_sample_metrics.tsv,02a singleton rescue
GFB-61823,clibTitin3xpositive,02a_singleton_rescue,variants_total,9404,TCRA3,P3408_LUCA-TCRA3,data/P3408_LUCA-TCRA3/02_umi/14_05_2026_FULLRUN/per_sample_metrics.tsv,02a singleton rescue
GFB-61823,clibTitin3xpositive,02a_singleton_rescue,variants_kept,2918,TCRA3,P3408_LUCA-TCRA3,data/P3408_LUCA-TCRA3/02_umi/14_05_2026_FULLRUN/per_sample_metrics.tsv,02a singleton rescue
GFB-61823,clibTitin3xpositive,02a_singleton_rescue,reads_rescued,1205540,TCRA3,P3408_LUCA-TCRA3,data/P3408_LUCA-TCRA3/02_umi/14_05_2026_FULLRUN/per_sample_metrics.tsv,02a singleton rescue
GFB-61824,clibKH1583xpositive,02a_singleton_rescue,reads_in,1348488,TCRA3,P3408_LUCA-TCRA3,data/P3408_LUCA-TCRA3/02_umi/14_05_2026_FULLRUN/per_sample_metrics.tsv,02a singleton rescue
GFB-61824,clibKH1583xpositive,02a_singleton_rescue,reads_lost_no_anchor,57502,TCRA3,P3408_LUCA-TCRA3,data/P3408_LUCA-TCRA3/02_umi/14_05_2026_FULLRUN/per_sample_metrics.tsv,02a singleton rescue
GFB-61824,clibKH1583xpositive,02a_singleton_rescue,reads_lost_too_short,15,TCRA3,P3408_LUCA-TCRA3,data/P3408_LUCA-TCRA3/02_umi/14_05_2026_FULLRUN/per_sample_metrics.tsv,02a singleton rescue
GFB-61824,clibKH1583xpositive,02a_singleton_rescue,reads_extracted,1290971,TCRA3,P3408_LUCA-TCRA3,data/P3408_LUCA-TCRA3/02_umi/14_05_2026_FULLRUN/per_sample_metrics.tsv,02a singleton rescue
GFB-61824,clibKH1583xpositive,02a_singleton_rescue,variants_total,10263,TCRA3,P3408_LUCA-TCRA3,data/P3408_LUCA-TCRA3/02_umi/14_05_2026_FULLRUN/per_sample_metrics.tsv,02a singleton rescue
GFB-61824,clibKH1583xpositive,02a_singleton_rescue,variants_kept,2897,TCRA3,P3408_LUCA-TCRA3,data/P3408_LUCA-TCRA3/02_umi/14_05_2026_FULLRUN/per_sample_metrics.tsv,02a singleton rescue
GFB-61824,clibKH1583xpositive,02a_singleton_rescue,reads_rescued,1279407,TCRA3,P3408_LUCA-TCRA3,data/P3408_LUCA-TCRA3/02_umi/14_05_2026_FULLRUN/per_sample_metrics.tsv,02a singleton rescue
GFB-61825,clibKH1593xpositive,02a_singleton_rescue,reads_in,1258905,TCRA3,P3408_LUCA-TCRA3,data/P3408_LUCA-TCRA3/02_umi/14_05_2026_FULLRUN/per_sample_metrics.tsv,02a singleton rescue
GFB-61825,clibKH1593xpositive,02a_singleton_rescue,reads_lost_no_anchor,66973,TCRA3,P3408_LUCA-TCRA3,data/P3408_LUCA-TCRA3/02_umi/14_05_2026_FULLRUN/per_sample_metrics.tsv,02a singleton rescue
GFB-61825,clibKH1593xpositive,02a_singleton_rescue,reads_lost_too_short,10,TCRA3,P3408_LUCA-TCRA3,data/P3408_LUCA-TCRA3/02_umi/14_05_2026_FULLRUN/per_sample_metrics.tsv,02a singleton rescue
GFB-61825,clibKH1593xpositive,02a_singleton_rescue,reads_extracted,1191922,TCRA3,P3408_LUCA-TCRA3,data/P3408_LUCA-TCRA3/02_umi/14_05_2026_FULLRUN/per_sample_metrics.tsv,02a singleton rescue
GFB-61825,clibKH1593xpositive,02a_singleton_rescue,variants_total,6410,TCRA3,P3408_LUCA-TCRA3,data/P3408_LUCA-TCRA3/02_umi/14_05_2026_FULLRUN/per_sample_metrics.tsv,02a singleton rescue
GFB-61825,clibKH1593xpositive,02a_singleton_rescue,variants_kept,1358,TCRA3,P3408_LUCA-TCRA3,data/P3408_LUCA-TCRA3/02_umi/14_05_2026_FULLRUN/per_sample_metrics.tsv,02a singleton rescue
GFB-61825,clibKH1593xpositive,02a_singleton_rescue,reads_rescued,1183293,TCRA3,P3408_LUCA-TCRA3,data/P3408_LUCA-TCRA3/02_umi/14_05_2026_FULLRUN/per_sample_metrics.tsv,02a singleton rescue
GFB-61826,clibKH1603xpositive,02a_singleton_rescue,reads_in,1438526,TCRA3,P3408_LUCA-TCRA3,data/P3408_LUCA-TCRA3/02_umi/14_05_2026_FULLRUN/per_sample_metrics.tsv,02a singleton rescue
GFB-61826,clibKH1603xpositive,02a_singleton_rescue,reads_lost_no_anchor,82324,TCRA3,P3408_LUCA-TCRA3,data/P3408_LUCA-TCRA3/02_umi/14_05_2026_FULLRUN/per_sample_metrics.tsv,02a singleton rescue
GFB-61826,clibKH1603xpositive,02a_singleton_rescue,reads_lost_too_short,84,TCRA3,P3408_LUCA-TCRA3,data/P3408_LUCA-TCRA3/02_umi/14_05_2026_FULLRUN/per_sample_metrics.tsv,02a singleton rescue
GFB-61826,clibKH1603xpositive,02a_singleton_rescue,reads_extracted,1356118,TCRA3,P3408_LUCA-TCRA3,data/P3408_LUCA-TCRA3/02_umi/14_05_2026_FULLRUN/per_sample_metrics.tsv,02a singleton rescue
GFB-61826,clibKH1603xpositive,02a_singleton_rescue,variants_total,15529,TCRA3,P3408_LUCA-TCRA3,data/P3408_LUCA-TCRA3/02_umi/14_05_2026_FULLRUN/per_sample_metrics.tsv,02a singleton rescue
GFB-61826,clibKH1603xpositive,02a_singleton_rescue,variants_kept,5360,TCRA3,P3408_LUCA-TCRA3,data/P3408_LUCA-TCRA3/02_umi/14_05_2026_FULLRUN/per_sample_metrics.tsv,02a singleton rescue
GFB-61826,clibKH1603xpositive,02a_singleton_rescue,reads_rescued,1337206,TCRA3,P3408_LUCA-TCRA3,data/P3408_LUCA-TCRA3/02_umi/14_05_2026_FULLRUN/per_sample_metrics.tsv,02a singleton rescue
GFB-61827,clibKH1633xpositive,02a_singleton_rescue,reads_in,1344044,TCRA3,P3408_LUCA-TCRA3,data/P3408_LUCA-TCRA3/02_umi/14_05_2026_FULLRUN/per_sample_metrics.tsv,02a singleton rescue
GFB-61827,clibKH1633xpositive,02a_singleton_rescue,reads_lost_no_anchor,86003,TCRA3,P3408_LUCA-TCRA3,data/P3408_LUCA-TCRA3/02_umi/14_05_2026_FULLRUN/per_sample_metrics.tsv,02a singleton rescue
GFB-61827,clibKH1633xpositive,02a_singleton_rescue,reads_lost_too_short,10,TCRA3,P3408_LUCA-TCRA3,data/P3408_LUCA-TCRA3/02_umi/14_05_2026_FULLRUN/per_sample_metrics.tsv,02a singleton rescue
GFB-61827,clibKH1633xpositive,02a_singleton_rescue,reads_extracted,1258031,TCRA3,P3408_LUCA-TCRA3,data/P3408_LUCA-TCRA3/02_umi/14_05_2026_FULLRUN/per_sample_metrics.tsv,02a singleton rescue
GFB-61827,clibKH1633xpositive,02a_singleton_rescue,variants_total,12594,TCRA3,P3408_LUCA-TCRA3,data/P3408_LUCA-TCRA3/02_umi/14_05_2026_FULLRUN/per_sample_metrics.tsv,02a singleton rescue
GFB-61827,clibKH1633xpositive,02a_singleton_rescue,variants_kept,4493,TCRA3,P3408_LUCA-TCRA3,data/P3408_LUCA-TCRA3/02_umi/14_05_2026_FULLRUN/per_sample_metrics.tsv,02a singleton rescue
GFB-61827,clibKH1633xpositive,02a_singleton_rescue,reads_rescued,1243428,TCRA3,P3408_LUCA-TCRA3,data/P3408_LUCA-TCRA3/02_umi/14_05_2026_FULLRUN/per_sample_metrics.tsv,02a singleton rescue
GFB-61828,clibKH1643xpositive,02a_singleton_rescue,reads_in,1086802,TCRA3,P3408_LUCA-TCRA3,data/P3408_LUCA-TCRA3/02_umi/14_05_2026_FULLRUN/per_sample_metrics.tsv,02a singleton rescue
GFB-61828,clibKH1643xpositive,02a_singleton_rescue,reads_lost_no_anchor,61624,TCRA3,P3408_LUCA-TCRA3,data/P3408_LUCA-TCRA3/02_umi/14_05_2026_FULLRUN/per_sample_metrics.tsv,02a singleton rescue
GFB-61828,clibKH1643xpositive,02a_singleton_rescue,reads_lost_too_short,6,TCRA3,P3408_LUCA-TCRA3,data/P3408_LUCA-TCRA3/02_umi/14_05_2026_FULLRUN/per_sample_metrics.tsv,02a singleton rescue
GFB-61828,clibKH1643xpositive,02a_singleton_rescue,reads_extracted,1025172,TCRA3,P3408_LUCA-TCRA3,data/P3408_LUCA-TCRA3/02_umi/14_05_2026_FULLRUN/per_sample_metrics.tsv,02a singleton rescue
GFB-61828,clibKH1643xpositive,02a_singleton_rescue,variants_total,5383,TCRA3,P3408_LUCA-TCRA3,data/P3408_LUCA-TCRA3/02_umi/14_05_2026_FULLRUN/per_sample_metrics.tsv,02a singleton rescue
GFB-61828,clibKH1643xpositive,02a_singleton_rescue,variants_kept,1303,TCRA3,P3408_LUCA-TCRA3,data/P3408_LUCA-TCRA3/02_umi/14_05_2026_FULLRUN/per_sample_metrics.tsv,02a singleton rescue
GFB-61828,clibKH1643xpositive,02a_singleton_rescue,reads_rescued,1018207,TCRA3,P3408_LUCA-TCRA3,data/P3408_LUCA-TCRA3/02_umi/14_05_2026_FULLRUN/per_sample_metrics.tsv,02a singleton rescue
GFB-61829,clibKH1653xpositive,02a_singleton_rescue,reads_in,1047384,TCRA3,P3408_LUCA-TCRA3,data/P3408_LUCA-TCRA3/02_umi/14_05_2026_FULLRUN/per_sample_metrics.tsv,02a singleton rescue
GFB-61829,clibKH1653xpositive,02a_singleton_rescue,reads_lost_no_anchor,58260,TCRA3,P3408_LUCA-TCRA3,data/P3408_LUCA-TCRA3/02_umi/14_05_2026_FULLRUN/per_sample_metrics.tsv,02a singleton rescue
GFB-61829,clibKH1653xpositive,02a_singleton_rescue,reads_lost_too_short,12,TCRA3,P3408_LUCA-TCRA3,data/P3408_LUCA-TCRA3/02_umi/14_05_2026_FULLRUN/per_sample_metrics.tsv,02a singleton rescue
GFB-61829,clibKH1653xpositive,02a_singleton_rescue,reads_extracted,989112,TCRA3,P3408_LUCA-TCRA3,data/P3408_LUCA-TCRA3/02_umi/14_05_2026_FULLRUN/per_sample_metrics.tsv,02a singleton rescue
GFB-61829,clibKH1653xpositive,02a_singleton_rescue,variants_total,9502,TCRA3,P3408_LUCA-TCRA3,data/P3408_LUCA-TCRA3/02_umi/14_05_2026_FULLRUN/per_sample_metrics.tsv,02a singleton rescue
GFB-61829,clibKH1653xpositive,02a_singleton_rescue,variants_kept,2931,TCRA3,P3408_LUCA-TCRA3,data/P3408_LUCA-TCRA3/02_umi/14_05_2026_FULLRUN/per_sample_metrics.tsv,02a singleton rescue
GFB-61829,clibKH1653xpositive,02a_singleton_rescue,reads_rescued,978087,TCRA3,P3408_LUCA-TCRA3,data/P3408_LUCA-TCRA3/02_umi/14_05_2026_FULLRUN/per_sample_metrics.tsv,02a singleton rescue
GFB-61830,clibKH1673xpositive,02a_singleton_rescue,reads_in,1126528,TCRA3,P3408_LUCA-TCRA3,data/P3408_LUCA-TCRA3/02_umi/14_05_2026_FULLRUN/per_sample_metrics.tsv,02a singleton rescue
GFB-61830,clibKH1673xpositive,02a_singleton_rescue,reads_lost_no_anchor,86014,TCRA3,P3408_LUCA-TCRA3,data/P3408_LUCA-TCRA3/02_umi/14_05_2026_FULLRUN/per_sample_metrics.tsv,02a singleton rescue
GFB-61830,clibKH1673xpositive,02a_singleton_rescue,reads_lost_too_short,142,TCRA3,P3408_LUCA-TCRA3,data/P3408_LUCA-TCRA3/02_umi/14_05_2026_FULLRUN/per_sample_metrics.tsv,02a singleton rescue
GFB-61830,clibKH1673xpositive,02a_singleton_rescue,reads_extracted,1040372,TCRA3,P3408_LUCA-TCRA3,data/P3408_LUCA-TCRA3/02_umi/14_05_2026_FULLRUN/per_sample_metrics.tsv,02a singleton rescue
GFB-61830,clibKH1673xpositive,02a_singleton_rescue,variants_total,9868,TCRA3,P3408_LUCA-TCRA3,data/P3408_LUCA-TCRA3/02_umi/14_05_2026_FULLRUN/per_sample_metrics.tsv,02a singleton rescue
GFB-61830,clibKH1673xpositive,02a_singleton_rescue,variants_kept,3136,TCRA3,P3408_LUCA-TCRA3,data/P3408_LUCA-TCRA3/02_umi/14_05_2026_FULLRUN/per_sample_metrics.tsv,02a singleton rescue
GFB-61830,clibKH1673xpositive,02a_singleton_rescue,reads_rescued,1029381,TCRA3,P3408_LUCA-TCRA3,data/P3408_LUCA-TCRA3/02_umi/14_05_2026_FULLRUN/per_sample_metrics.tsv,02a singleton rescue
GFB-61831,clibMAGE-A331xpositive,02a_singleton_rescue,reads_in,1520488,TCRA3,P3408_LUCA-TCRA3,data/P3408_LUCA-TCRA3/02_umi/14_05_2026_FULLRUN/per_sample_metrics.tsv,02a singleton rescue
GFB-61831,clibMAGE-A331xpositive,02a_singleton_rescue,reads_lost_no_anchor,92808,TCRA3,P3408_LUCA-TCRA3,data/P3408_LUCA-TCRA3/02_umi/14_05_2026_FULLRUN/per_sample_metrics.tsv,02a singleton rescue
GFB-61831,clibMAGE-A331xpositive,02a_singleton_rescue,reads_lost_too_short,12,TCRA3,P3408_LUCA-TCRA3,data/P3408_LUCA-TCRA3/02_umi/14_05_2026_FULLRUN/per_sample_metrics.tsv,02a singleton rescue
GFB-61831,clibMAGE-A331xpositive,02a_singleton_rescue,reads_extracted,1427668,TCRA3,P3408_LUCA-TCRA3,data/P3408_LUCA-TCRA3/02_umi/14_05_2026_FULLRUN/per_sample_metrics.tsv,02a singleton rescue
GFB-61831,clibMAGE-A331xpositive,02a_singleton_rescue,variants_total,10023,TCRA3,P3408_LUCA-TCRA3,data/P3408_LUCA-TCRA3/02_umi/14_05_2026_FULLRUN/per_sample_metrics.tsv,02a singleton rescue
GFB-61831,clibMAGE-A331xpositive,02a_singleton_rescue,variants_kept,1852,TCRA3,P3408_LUCA-TCRA3,data/P3408_LUCA-TCRA3/02_umi/14_05_2026_FULLRUN/per_sample_metrics.tsv,02a singleton rescue
GFB-61831,clibMAGE-A331xpositive,02a_singleton_rescue,reads_rescued,1415468,TCRA3,P3408_LUCA-TCRA3,data/P3408_LUCA-TCRA3/02_umi/14_05_2026_FULLRUN/per_sample_metrics.tsv,02a singleton rescue
GFB-61832,clibTitin31xpositive,02a_singleton_rescue,reads_in,445428,TCRA3,P3408_LUCA-TCRA3,data/P3408_LUCA-TCRA3/02_umi/14_05_2026_FULLRUN/per_sample_metrics.tsv,02a singleton rescue
GFB-61832,clibTitin31xpositive,02a_singleton_rescue,reads_lost_no_anchor,31624,TCRA3,P3408_LUCA-TCRA3,data/P3408_LUCA-TCRA3/02_umi/14_05_2026_FULLRUN/per_sample_metrics.tsv,02a singleton rescue
GFB-61832,clibTitin31xpositive,02a_singleton_rescue,reads_lost_too_short,6,TCRA3,P3408_LUCA-TCRA3,data/P3408_LUCA-TCRA3/02_umi/14_05_2026_FULLRUN/per_sample_metrics.tsv,02a singleton rescue
GFB-61832,clibTitin31xpositive,02a_singleton_rescue,reads_extracted,413798,TCRA3,P3408_LUCA-TCRA3,data/P3408_LUCA-TCRA3/02_umi/14_05_2026_FULLRUN/per_sample_metrics.tsv,02a singleton rescue
GFB-61832,clibTitin31xpositive,02a_singleton_rescue,variants_total,3169,TCRA3,P3408_LUCA-TCRA3,data/P3408_LUCA-TCRA3/02_umi/14_05_2026_FULLRUN/per_sample_metrics.tsv,02a singleton rescue
GFB-61832,clibTitin31xpositive,02a_singleton_rescue,variants_kept,805,TCRA3,P3408_LUCA-TCRA3,data/P3408_LUCA-TCRA3/02_umi/14_05_2026_FULLRUN/per_sample_metrics.tsv,02a singleton rescue
GFB-61832,clibTitin31xpositive,02a_singleton_rescue,reads_rescued,410148,TCRA3,P3408_LUCA-TCRA3,data/P3408_LUCA-TCRA3/02_umi/14_05_2026_FULLRUN/per_sample_metrics.tsv,02a singleton rescue
GFB-61833,clibKH15831xpositive,02a_singleton_rescue,reads_in,755064,TCRA3,P3408_LUCA-TCRA3,data/P3408_LUCA-TCRA3/02_umi/14_05_2026_FULLRUN/per_sample_metrics.tsv,02a singleton rescue
GFB-61833,clibKH15831xpositive,02a_singleton_rescue,reads_lost_no_anchor,68553,TCRA3,P3408_LUCA-TCRA3,data/P3408_LUCA-TCRA3/02_umi/14_05_2026_FULLRUN/per_sample_metrics.tsv,02a singleton rescue
GFB-61833,clibKH15831xpositive,02a_singleton_rescue,reads_lost_too_short,9,TCRA3,P3408_LUCA-TCRA3,data/P3408_LUCA-TCRA3/02_umi/14_05_2026_FULLRUN/per_sample_metrics.tsv,02a singleton rescue
GFB-61833,clibKH15831xpositive,02a_singleton_rescue,reads_extracted,686502,TCRA3,P3408_LUCA-TCRA3,data/P3408_LUCA-TCRA3/02_umi/14_05_2026_FULLRUN/per_sample_metrics.tsv,02a singleton rescue
GFB-61833,clibKH15831xpositive,02a_singleton_rescue,variants_total,4441,TCRA3,P3408_LUCA-TCRA3,data/P3408_LUCA-TCRA3/02_umi/14_05_2026_FULLRUN/per_sample_metrics.tsv,02a singleton rescue
GFB-61833,clibKH15831xpositive,02a_singleton_rescue,variants_kept,661,TCRA3,P3408_LUCA-TCRA3,data/P3408_LUCA-TCRA3/02_umi/14_05_2026_FULLRUN/per_sample_metrics.tsv,02a singleton rescue
GFB-61833,clibKH15831xpositive,02a_singleton_rescue,reads_rescued,680414,TCRA3,P3408_LUCA-TCRA3,data/P3408_LUCA-TCRA3/02_umi/14_05_2026_FULLRUN/per_sample_metrics.tsv,02a singleton rescue
GFB-61834,clibKH15931xpositive,02a_singleton_rescue,reads_in,718460,TCRA3,P3408_LUCA-TCRA3,data/P3408_LUCA-TCRA3/02_umi/14_05_2026_FULLRUN/per_sample_metrics.tsv,02a singleton rescue
GFB-61834,clibKH15931xpositive,02a_singleton_rescue,reads_lost_no_anchor,60523,TCRA3,P3408_LUCA-TCRA3,data/P3408_LUCA-TCRA3/02_umi/14_05_2026_FULLRUN/per_sample_metrics.tsv,02a singleton rescue
GFB-61834,clibKH15931xpositive,02a_singleton_rescue,reads_lost_too_short,5,TCRA3,P3408_LUCA-TCRA3,data/P3408_LUCA-TCRA3/02_umi/14_05_2026_FULLRUN/per_sample_metrics.tsv,02a singleton rescue
GFB-61834,clibKH15931xpositive,02a_singleton_rescue,reads_extracted,657932,TCRA3,P3408_LUCA-TCRA3,data/P3408_LUCA-TCRA3/02_umi/14_05_2026_FULLRUN/per_sample_metrics.tsv,02a singleton rescue
GFB-61834,clibKH15931xpositive,02a_singleton_rescue,variants_total,3222,TCRA3,P3408_LUCA-TCRA3,data/P3408_LUCA-TCRA3/02_umi/14_05_2026_FULLRUN/per_sample_metrics.tsv,02a singleton rescue
GFB-61834,clibKH15931xpositive,02a_singleton_rescue,variants_kept,451,TCRA3,P3408_LUCA-TCRA3,data/P3408_LUCA-TCRA3/02_umi/14_05_2026_FULLRUN/per_sample_metrics.tsv,02a singleton rescue
GFB-61834,clibKH15931xpositive,02a_singleton_rescue,reads_rescued,653645,TCRA3,P3408_LUCA-TCRA3,data/P3408_LUCA-TCRA3/02_umi/14_05_2026_FULLRUN/per_sample_metrics.tsv,02a singleton rescue
GFB-61835,clibKH16031xpositive,02a_singleton_rescue,reads_in,1234301,TCRA3,P3408_LUCA-TCRA3,data/P3408_LUCA-TCRA3/02_umi/14_05_2026_FULLRUN/per_sample_metrics.tsv,02a singleton rescue
GFB-61835,clibKH16031xpositive,02a_singleton_rescue,reads_lost_no_anchor,80352,TCRA3,P3408_LUCA-TCRA3,data/P3408_LUCA-TCRA3/02_umi/14_05_2026_FULLRUN/per_sample_metrics.tsv,02a singleton rescue
GFB-61835,clibKH16031xpositive,02a_singleton_rescue,reads_lost_too_short,13,TCRA3,P3408_LUCA-TCRA3,data/P3408_LUCA-TCRA3/02_umi/14_05_2026_FULLRUN/per_sample_metrics.tsv,02a singleton rescue
GFB-61835,clibKH16031xpositive,02a_singleton_rescue,reads_extracted,1153936,TCRA3,P3408_LUCA-TCRA3,data/P3408_LUCA-TCRA3/02_umi/14_05_2026_FULLRUN/per_sample_metrics.tsv,02a singleton rescue
GFB-61835,clibKH16031xpositive,02a_singleton_rescue,variants_total,8340,TCRA3,P3408_LUCA-TCRA3,data/P3408_LUCA-TCRA3/02_umi/14_05_2026_FULLRUN/per_sample_metrics.tsv,02a singleton rescue
GFB-61835,clibKH16031xpositive,02a_singleton_rescue,variants_kept,2034,TCRA3,P3408_LUCA-TCRA3,data/P3408_LUCA-TCRA3/02_umi/14_05_2026_FULLRUN/per_sample_metrics.tsv,02a singleton rescue
GFB-61835,clibKH16031xpositive,02a_singleton_rescue,reads_rescued,1144501,TCRA3,P3408_LUCA-TCRA3,data/P3408_LUCA-TCRA3/02_umi/14_05_2026_FULLRUN/per_sample_metrics.tsv,02a singleton rescue
GFB-61836,clibKH16331xpositive,02a_singleton_rescue,reads_in,1226646,TCRA3,P3408_LUCA-TCRA3,data/P3408_LUCA-TCRA3/02_umi/14_05_2026_FULLRUN/per_sample_metrics.tsv,02a singleton rescue
GFB-61836,clibKH16331xpositive,02a_singleton_rescue,reads_lost_no_anchor,76660,TCRA3,P3408_LUCA-TCRA3,data/P3408_LUCA-TCRA3/02_umi/14_05_2026_FULLRUN/per_sample_metrics.tsv,02a singleton rescue
GFB-61836,clibKH16331xpositive,02a_singleton_rescue,reads_lost_too_short,16,TCRA3,P3408_LUCA-TCRA3,data/P3408_LUCA-TCRA3/02_umi/14_05_2026_FULLRUN/per_sample_metrics.tsv,02a singleton rescue
GFB-61836,clibKH16331xpositive,02a_singleton_rescue,reads_extracted,1149970,TCRA3,P3408_LUCA-TCRA3,data/P3408_LUCA-TCRA3/02_umi/14_05_2026_FULLRUN/per_sample_metrics.tsv,02a singleton rescue
GFB-61836,clibKH16331xpositive,02a_singleton_rescue,variants_total,7343,TCRA3,P3408_LUCA-TCRA3,data/P3408_LUCA-TCRA3/02_umi/14_05_2026_FULLRUN/per_sample_metrics.tsv,02a singleton rescue
GFB-61836,clibKH16331xpositive,02a_singleton_rescue,variants_kept,1733,TCRA3,P3408_LUCA-TCRA3,data/P3408_LUCA-TCRA3/02_umi/14_05_2026_FULLRUN/per_sample_metrics.tsv,02a singleton rescue
GFB-61836,clibKH16331xpositive,02a_singleton_rescue,reads_rescued,1141219,TCRA3,P3408_LUCA-TCRA3,data/P3408_LUCA-TCRA3/02_umi/14_05_2026_FULLRUN/per_sample_metrics.tsv,02a singleton rescue
GFB-61837,clibKH16431xpositive,02a_singleton_rescue,reads_in,758916,TCRA3,P3408_LUCA-TCRA3,data/P3408_LUCA-TCRA3/02_umi/14_05_2026_FULLRUN/per_sample_metrics.tsv,02a singleton rescue
GFB-61837,clibKH16431xpositive,02a_singleton_rescue,reads_lost_no_anchor,44928,TCRA3,P3408_LUCA-TCRA3,data/P3408_LUCA-TCRA3/02_umi/14_05_2026_FULLRUN/per_sample_metrics.tsv,02a singleton rescue
GFB-61837,clibKH16431xpositive,02a_singleton_rescue,reads_lost_too_short,4,TCRA3,P3408_LUCA-TCRA3,data/P3408_LUCA-TCRA3/02_umi/14_05_2026_FULLRUN/per_sample_metrics.tsv,02a singleton rescue
GFB-61837,clibKH16431xpositive,02a_singleton_rescue,reads_extracted,713984,TCRA3,P3408_LUCA-TCRA3,data/P3408_LUCA-TCRA3/02_umi/14_05_2026_FULLRUN/per_sample_metrics.tsv,02a singleton rescue
GFB-61837,clibKH16431xpositive,02a_singleton_rescue,variants_total,3110,TCRA3,P3408_LUCA-TCRA3,data/P3408_LUCA-TCRA3/02_umi/14_05_2026_FULLRUN/per_sample_metrics.tsv,02a singleton rescue
GFB-61837,clibKH16431xpositive,02a_singleton_rescue,variants_kept,564,TCRA3,P3408_LUCA-TCRA3,data/P3408_LUCA-TCRA3/02_umi/14_05_2026_FULLRUN/per_sample_metrics.tsv,02a singleton rescue
GFB-61837,clibKH16431xpositive,02a_singleton_rescue,reads_rescued,709893,TCRA3,P3408_LUCA-TCRA3,data/P3408_LUCA-TCRA3/02_umi/14_05_2026_FULLRUN/per_sample_metrics.tsv,02a singleton rescue
GFB-61838,clibKH16531xpositive,02a_singleton_rescue,reads_in,710892,TCRA3,P3408_LUCA-TCRA3,data/P3408_LUCA-TCRA3/02_umi/14_05_2026_FULLRUN/per_sample_metrics.tsv,02a singleton rescue
GFB-61838,clibKH16531xpositive,02a_singleton_rescue,reads_lost_no_anchor,54000,TCRA3,P3408_LUCA-TCRA3,data/P3408_LUCA-TCRA3/02_umi/14_05_2026_FULLRUN/per_sample_metrics.tsv,02a singleton rescue
GFB-61838,clibKH16531xpositive,02a_singleton_rescue,reads_lost_too_short,6,TCRA3,P3408_LUCA-TCRA3,data/P3408_LUCA-TCRA3/02_umi/14_05_2026_FULLRUN/per_sample_metrics.tsv,02a singleton rescue
GFB-61838,clibKH16531xpositive,02a_singleton_rescue,reads_extracted,656886,TCRA3,P3408_LUCA-TCRA3,data/P3408_LUCA-TCRA3/02_umi/14_05_2026_FULLRUN/per_sample_metrics.tsv,02a singleton rescue
GFB-61838,clibKH16531xpositive,02a_singleton_rescue,variants_total,4811,TCRA3,P3408_LUCA-TCRA3,data/P3408_LUCA-TCRA3/02_umi/14_05_2026_FULLRUN/per_sample_metrics.tsv,02a singleton rescue
GFB-61838,clibKH16531xpositive,02a_singleton_rescue,variants_kept,1168,TCRA3,P3408_LUCA-TCRA3,data/P3408_LUCA-TCRA3/02_umi/14_05_2026_FULLRUN/per_sample_metrics.tsv,02a singleton rescue
GFB-61838,clibKH16531xpositive,02a_singleton_rescue,reads_rescued,651682,TCRA3,P3408_LUCA-TCRA3,data/P3408_LUCA-TCRA3/02_umi/14_05_2026_FULLRUN/per_sample_metrics.tsv,02a singleton rescue
GFB-61839,clibKH16731xpositive,02a_singleton_rescue,reads_in,840420,TCRA3,P3408_LUCA-TCRA3,data/P3408_LUCA-TCRA3/02_umi/14_05_2026_FULLRUN/per_sample_metrics.tsv,02a singleton rescue
GFB-61839,clibKH16731xpositive,02a_singleton_rescue,reads_lost_no_anchor,61123,TCRA3,P3408_LUCA-TCRA3,data/P3408_LUCA-TCRA3/02_umi/14_05_2026_FULLRUN/per_sample_metrics.tsv,02a singleton rescue
GFB-61839,clibKH16731xpositive,02a_singleton_rescue,reads_lost_too_short,11,TCRA3,P3408_LUCA-TCRA3,data/P3408_LUCA-TCRA3/02_umi/14_05_2026_FULLRUN/per_sample_metrics.tsv,02a singleton rescue
GFB-61839,clibKH16731xpositive,02a_singleton_rescue,reads_extracted,779286,TCRA3,P3408_LUCA-TCRA3,data/P3408_LUCA-TCRA3/02_umi/14_05_2026_FULLRUN/per_sample_metrics.tsv,02a singleton rescue
GFB-61839,clibKH16731xpositive,02a_singleton_rescue,variants_total,3674,TCRA3,P3408_LUCA-TCRA3,data/P3408_LUCA-TCRA3/02_umi/14_05_2026_FULLRUN/per_sample_metrics.tsv,02a singleton rescue
GFB-61839,clibKH16731xpositive,02a_singleton_rescue,variants_kept,699,TCRA3,P3408_LUCA-TCRA3,data/P3408_LUCA-TCRA3/02_umi/14_05_2026_FULLRUN/per_sample_metrics.tsv,02a singleton rescue
GFB-61839,clibKH16731xpositive,02a_singleton_rescue,reads_rescued,774568,TCRA3,P3408_LUCA-TCRA3,data/P3408_LUCA-TCRA3/02_umi/14_05_2026_FULLRUN/per_sample_metrics.tsv,02a singleton rescue
GFB-61840,cliboriginallib,02a_singleton_rescue,reads_in,1688499,TCRA3,P3408_LUCA-TCRA3,data/P3408_LUCA-TCRA3/02_umi/14_05_2026_FULLRUN/per_sample_metrics.tsv,02a singleton rescue
GFB-61840,cliboriginallib,02a_singleton_rescue,reads_lost_no_anchor,245595,TCRA3,P3408_LUCA-TCRA3,data/P3408_LUCA-TCRA3/02_umi/14_05_2026_FULLRUN/per_sample_metrics.tsv,02a singleton rescue
GFB-61840,cliboriginallib,02a_singleton_rescue,reads_lost_too_short,351,TCRA3,P3408_LUCA-TCRA3,data/P3408_LUCA-TCRA3/02_umi/14_05_2026_FULLRUN/per_sample_metrics.tsv,02a singleton rescue
GFB-61840,cliboriginallib,02a_singleton_rescue,reads_extracted,1442553,TCRA3,P3408_LUCA-TCRA3,data/P3408_LUCA-TCRA3/02_umi/14_05_2026_FULLRUN/per_sample_metrics.tsv,02a singleton rescue
GFB-61840,cliboriginallib,02a_singleton_rescue,variants_total,77915,TCRA3,P3408_LUCA-TCRA3,data/P3408_LUCA-TCRA3/02_umi/14_05_2026_FULLRUN/per_sample_metrics.tsv,02a singleton rescue
GFB-61840,cliboriginallib,02a_singleton_rescue,variants_kept,32087,TCRA3,P3408_LUCA-TCRA3,data/P3408_LUCA-TCRA3/02_umi/14_05_2026_FULLRUN/per_sample_metrics.tsv,02a singleton rescue
GFB-61840,cliboriginallib,02a_singleton_rescue,reads_rescued,1300444,TCRA3,P3408_LUCA-TCRA3,data/P3408_LUCA-TCRA3/02_umi/14_05_2026_FULLRUN/per_sample_metrics.tsv,02a singleton rescue
GFB-61832,clibTitin31xpositive,03_extraction,reads_in_total,539571,TCRA3,P3408_LUCA-TCRA3,data/P3408_LUCA-TCRA3/03_extracted/19_05_2026_minlenght191_Q30/per_sample_metrics.tsv,03 extraction
GFB-61832,clibTitin31xpositive,03_extraction,reads_pass,512345,TCRA3,P3408_LUCA-TCRA3,data/P3408_LUCA-TCRA3/03_extracted/19_05_2026_minlenght191_Q30/per_sample_metrics.tsv,03 extraction
GFB-61832,clibTitin31xpositive,03_extraction,reads_lost_no_anchor,6459,TCRA3,P3408_LUCA-TCRA3,data/P3408_LUCA-TCRA3/03_extracted/19_05_2026_minlenght191_Q30/per_sample_metrics.tsv,03 extraction
GFB-61832,clibTitin31xpositive,03_extraction,reads_lost_too_short,0,TCRA3,P3408_LUCA-TCRA3,data/P3408_LUCA-TCRA3/03_extracted/19_05_2026_minlenght191_Q30/per_sample_metrics.tsv,03 extraction
GFB-61832,clibTitin31xpositive,03_extraction,reads_lost_contains_N,15354,TCRA3,P3408_LUCA-TCRA3,data/P3408_LUCA-TCRA3/03_extracted/19_05_2026_minlenght191_Q30/per_sample_metrics.tsv,03 extraction
GFB-61832,clibTitin31xpositive,03_extraction,reads_lost_wrong_length,0,TCRA3,P3408_LUCA-TCRA3,data/P3408_LUCA-TCRA3/03_extracted/19_05_2026_minlenght191_Q30/per_sample_metrics.tsv,03 extraction
GFB-61832,clibTitin31xpositive,03_extraction,reads_lost_stop_codon,108,TCRA3,P3408_LUCA-TCRA3,data/P3408_LUCA-TCRA3/03_extracted/19_05_2026_minlenght191_Q30/per_sample_metrics.tsv,03 extraction
GFB-61832,clibTitin31xpositive,03_extraction,reads_lost_validation,5305,TCRA3,P3408_LUCA-TCRA3,data/P3408_LUCA-TCRA3/03_extracted/19_05_2026_minlenght191_Q30/per_sample_metrics.tsv,03 extraction
GFB-61822,clibMAGE-A33xpositive,03_extraction,reads_in_total,618735,TCRA3,P3408_LUCA-TCRA3,data/P3408_LUCA-TCRA3/03_extracted/19_05_2026_minlenght191_Q30/per_sample_metrics.tsv,03 extraction
GFB-61822,clibMAGE-A33xpositive,03_extraction,reads_pass,576629,TCRA3,P3408_LUCA-TCRA3,data/P3408_LUCA-TCRA3/03_extracted/19_05_2026_minlenght191_Q30/per_sample_metrics.tsv,03 extraction
GFB-61822,clibMAGE-A33xpositive,03_extraction,reads_lost_no_anchor,5399,TCRA3,P3408_LUCA-TCRA3,data/P3408_LUCA-TCRA3/03_extracted/19_05_2026_minlenght191_Q30/per_sample_metrics.tsv,03 extraction
GFB-61822,clibMAGE-A33xpositive,03_extraction,reads_lost_too_short,0,TCRA3,P3408_LUCA-TCRA3,data/P3408_LUCA-TCRA3/03_extracted/19_05_2026_minlenght191_Q30/per_sample_metrics.tsv,03 extraction
GFB-61822,clibMAGE-A33xpositive,03_extraction,reads_lost_contains_N,24197,TCRA3,P3408_LUCA-TCRA3,data/P3408_LUCA-TCRA3/03_extracted/19_05_2026_minlenght191_Q30/per_sample_metrics.tsv,03 extraction
GFB-61822,clibMAGE-A33xpositive,03_extraction,reads_lost_wrong_length,0,TCRA3,P3408_LUCA-TCRA3,data/P3408_LUCA-TCRA3/03_extracted/19_05_2026_minlenght191_Q30/per_sample_metrics.tsv,03 extraction
GFB-61822,clibMAGE-A33xpositive,03_extraction,reads_lost_stop_codon,342,TCRA3,P3408_LUCA-TCRA3,data/P3408_LUCA-TCRA3/03_extracted/19_05_2026_minlenght191_Q30/per_sample_metrics.tsv,03 extraction
GFB-61822,clibMAGE-A33xpositive,03_extraction,reads_lost_validation,12168,TCRA3,P3408_LUCA-TCRA3,data/P3408_LUCA-TCRA3/03_extracted/19_05_2026_minlenght191_Q30/per_sample_metrics.tsv,03 extraction
GFB-61820,clibMAGE-A32xpositive,03_extraction,reads_in_total,1250005,TCRA3,P3408_LUCA-TCRA3,data/P3408_LUCA-TCRA3/03_extracted/19_05_2026_minlenght191_Q30/per_sample_metrics.tsv,03 extraction
GFB-61820,clibMAGE-A32xpositive,03_extraction,reads_pass,1126769,TCRA3,P3408_LUCA-TCRA3,data/P3408_LUCA-TCRA3/03_extracted/19_05_2026_minlenght191_Q30/per_sample_metrics.tsv,03 extraction
GFB-61820,clibMAGE-A32xpositive,03_extraction,reads_lost_no_anchor,22165,TCRA3,P3408_LUCA-TCRA3,data/P3408_LUCA-TCRA3/03_extracted/19_05_2026_minlenght191_Q30/per_sample_metrics.tsv,03 extraction
GFB-61820,clibMAGE-A32xpositive,03_extraction,reads_lost_too_short,0,TCRA3,P3408_LUCA-TCRA3,data/P3408_LUCA-TCRA3/03_extracted/19_05_2026_minlenght191_Q30/per_sample_metrics.tsv,03 extraction
GFB-61820,clibMAGE-A32xpositive,03_extraction,reads_lost_contains_N,76863,TCRA3,P3408_LUCA-TCRA3,data/P3408_LUCA-TCRA3/03_extracted/19_05_2026_minlenght191_Q30/per_sample_metrics.tsv,03 extraction
GFB-61820,clibMAGE-A32xpositive,03_extraction,reads_lost_wrong_length,0,TCRA3,P3408_LUCA-TCRA3,data/P3408_LUCA-TCRA3/03_extracted/19_05_2026_minlenght191_Q30/per_sample_metrics.tsv,03 extraction
GFB-61820,clibMAGE-A32xpositive,03_extraction,reads_lost_stop_codon,752,TCRA3,P3408_LUCA-TCRA3,data/P3408_LUCA-TCRA3/03_extracted/19_05_2026_minlenght191_Q30/per_sample_metrics.tsv,03 extraction
GFB-61820,clibMAGE-A32xpositive,03_extraction,reads_lost_validation,23456,TCRA3,P3408_LUCA-TCRA3,data/P3408_LUCA-TCRA3/03_extracted/19_05_2026_minlenght191_Q30/per_sample_metrics.tsv,03 extraction
GFB-61828,clibKH1643xpositive,03_extraction,reads_in_total,1378086,TCRA3,P3408_LUCA-TCRA3,data/P3408_LUCA-TCRA3/03_extracted/19_05_2026_minlenght191_Q30/per_sample_metrics.tsv,03 extraction
GFB-61828,clibKH1643xpositive,03_extraction,reads_pass,1253107,TCRA3,P3408_LUCA-TCRA3,data/P3408_LUCA-TCRA3/03_extracted/19_05_2026_minlenght191_Q30/per_sample_metrics.tsv,03 extraction
GFB-61828,clibKH1643xpositive,03_extraction,reads_lost_no_anchor,17503,TCRA3,P3408_LUCA-TCRA3,data/P3408_LUCA-TCRA3/03_extracted/19_05_2026_minlenght191_Q30/per_sample_metrics.tsv,03 extraction
GFB-61828,clibKH1643xpositive,03_extraction,reads_lost_too_short,1,TCRA3,P3408_LUCA-TCRA3,data/P3408_LUCA-TCRA3/03_extracted/19_05_2026_minlenght191_Q30/per_sample_metrics.tsv,03 extraction
GFB-61828,clibKH1643xpositive,03_extraction,reads_lost_contains_N,99355,TCRA3,P3408_LUCA-TCRA3,data/P3408_LUCA-TCRA3/03_extracted/19_05_2026_minlenght191_Q30/per_sample_metrics.tsv,03 extraction
GFB-61828,clibKH1643xpositive,03_extraction,reads_lost_wrong_length,0,TCRA3,P3408_LUCA-TCRA3,data/P3408_LUCA-TCRA3/03_extracted/19_05_2026_minlenght191_Q30/per_sample_metrics.tsv,03 extraction
GFB-61828,clibKH1643xpositive,03_extraction,reads_lost_stop_codon,23,TCRA3,P3408_LUCA-TCRA3,data/P3408_LUCA-TCRA3/03_extracted/19_05_2026_minlenght191_Q30/per_sample_metrics.tsv,03 extraction
GFB-61828,clibKH1643xpositive,03_extraction,reads_lost_validation,8097,TCRA3,P3408_LUCA-TCRA3,data/P3408_LUCA-TCRA3/03_extracted/19_05_2026_minlenght191_Q30/per_sample_metrics.tsv,03 extraction
GFB-61821,clibTitin2xpositive,03_extraction,reads_in_total,1396693,TCRA3,P3408_LUCA-TCRA3,data/P3408_LUCA-TCRA3/03_extracted/19_05_2026_minlenght191_Q30/per_sample_metrics.tsv,03 extraction
GFB-61821,clibTitin2xpositive,03_extraction,reads_pass,1261586,TCRA3,P3408_LUCA-TCRA3,data/P3408_LUCA-TCRA3/03_extracted/19_05_2026_minlenght191_Q30/per_sample_metrics.tsv,03 extraction
GFB-61821,clibTitin2xpositive,03_extraction,reads_lost_no_anchor,25430,TCRA3,P3408_LUCA-TCRA3,data/P3408_LUCA-TCRA3/03_extracted/19_05_2026_minlenght191_Q30/per_sample_metrics.tsv,03 extraction
GFB-61821,clibTitin2xpositive,03_extraction,reads_lost_too_short,19,TCRA3,P3408_LUCA-TCRA3,data/P3408_LUCA-TCRA3/03_extracted/19_05_2026_minlenght191_Q30/per_sample_metrics.tsv,03 extraction
GFB-61821,clibTitin2xpositive,03_extraction,reads_lost_contains_N,86121,TCRA3,P3408_LUCA-TCRA3,data/P3408_LUCA-TCRA3/03_extracted/19_05_2026_minlenght191_Q30/per_sample_metrics.tsv,03 extraction
GFB-61821,clibTitin2xpositive,03_extraction,reads_lost_wrong_length,0,TCRA3,P3408_LUCA-TCRA3,data/P3408_LUCA-TCRA3/03_extracted/19_05_2026_minlenght191_Q30/per_sample_metrics.tsv,03 extraction
GFB-61821,clibTitin2xpositive,03_extraction,reads_lost_stop_codon,1226,TCRA3,P3408_LUCA-TCRA3,data/P3408_LUCA-TCRA3/03_extracted/19_05_2026_minlenght191_Q30/per_sample_metrics.tsv,03 extraction
GFB-61821,clibTitin2xpositive,03_extraction,reads_lost_validation,22311,TCRA3,P3408_LUCA-TCRA3,data/P3408_LUCA-TCRA3/03_extracted/19_05_2026_minlenght191_Q30/per_sample_metrics.tsv,03 extraction
GFB-61829,clibKH1653xpositive,03_extraction,reads_in_total,1486521,TCRA3,P3408_LUCA-TCRA3,data/P3408_LUCA-TCRA3/03_extracted/19_05_2026_minlenght191_Q30/per_sample_metrics.tsv,03 extraction
GFB-61829,clibKH1653xpositive,03_extraction,reads_pass,1329998,TCRA3,P3408_LUCA-TCRA3,data/P3408_LUCA-TCRA3/03_extracted/19_05_2026_minlenght191_Q30/per_sample_metrics.tsv,03 extraction
GFB-61829,clibKH1653xpositive,03_extraction,reads_lost_no_anchor,24368,TCRA3,P3408_LUCA-TCRA3,data/P3408_LUCA-TCRA3/03_extracted/19_05_2026_minlenght191_Q30/per_sample_metrics.tsv,03 extraction
GFB-61829,clibKH1653xpositive,03_extraction,reads_lost_too_short,1,TCRA3,P3408_LUCA-TCRA3,data/P3408_LUCA-TCRA3/03_extracted/19_05_2026_minlenght191_Q30/per_sample_metrics.tsv,03 extraction
GFB-61829,clibKH1653xpositive,03_extraction,reads_lost_contains_N,104248,TCRA3,P3408_LUCA-TCRA3,data/P3408_LUCA-TCRA3/03_extracted/19_05_2026_minlenght191_Q30/per_sample_metrics.tsv,03 extraction
GFB-61829,clibKH1653xpositive,03_extraction,reads_lost_wrong_length,0,TCRA3,P3408_LUCA-TCRA3,data/P3408_LUCA-TCRA3/03_extracted/19_05_2026_minlenght191_Q30/per_sample_metrics.tsv,03 extraction
GFB-61829,clibKH1653xpositive,03_extraction,reads_lost_stop_codon,441,TCRA3,P3408_LUCA-TCRA3,data/P3408_LUCA-TCRA3/03_extracted/19_05_2026_minlenght191_Q30/per_sample_metrics.tsv,03 extraction
GFB-61829,clibKH1653xpositive,03_extraction,reads_lost_validation,27465,TCRA3,P3408_LUCA-TCRA3,data/P3408_LUCA-TCRA3/03_extracted/19_05_2026_minlenght191_Q30/per_sample_metrics.tsv,03 extraction
GFB-61830,clibKH1673xpositive,03_extraction,reads_in_total,1618909,TCRA3,P3408_LUCA-TCRA3,data/P3408_LUCA-TCRA3/03_extracted/19_05_2026_minlenght191_Q30/per_sample_metrics.tsv,03 extraction
GFB-61830,clibKH1673xpositive,03_extraction,reads_pass,1429504,TCRA3,P3408_LUCA-TCRA3,data/P3408_LUCA-TCRA3/03_extracted/19_05_2026_minlenght191_Q30/per_sample_metrics.tsv,03 extraction
GFB-61830,clibKH1673xpositive,03_extraction,reads_lost_no_anchor,37982,TCRA3,P3408_LUCA-TCRA3,data/P3408_LUCA-TCRA3/03_extracted/19_05_2026_minlenght191_Q30/per_sample_metrics.tsv,03 extraction
GFB-61830,clibKH1673xpositive,03_extraction,reads_lost_too_short,38,TCRA3,P3408_LUCA-TCRA3,data/P3408_LUCA-TCRA3/03_extracted/19_05_2026_minlenght191_Q30/per_sample_metrics.tsv,03 extraction
GFB-61830,clibKH1673xpositive,03_extraction,reads_lost_contains_N,119745,TCRA3,P3408_LUCA-TCRA3,data/P3408_LUCA-TCRA3/03_extracted/19_05_2026_minlenght191_Q30/per_sample_metrics.tsv,03 extraction
GFB-61830,clibKH1673xpositive,03_extraction,reads_lost_wrong_length,0,TCRA3,P3408_LUCA-TCRA3,data/P3408_LUCA-TCRA3/03_extracted/19_05_2026_minlenght191_Q30/per_sample_metrics.tsv,03 extraction
GFB-61830,clibKH1673xpositive,03_extraction,reads_lost_stop_codon,73,TCRA3,P3408_LUCA-TCRA3,data/P3408_LUCA-TCRA3/03_extracted/19_05_2026_minlenght191_Q30/per_sample_metrics.tsv,03 extraction
GFB-61830,clibKH1673xpositive,03_extraction,reads_lost_validation,31567,TCRA3,P3408_LUCA-TCRA3,data/P3408_LUCA-TCRA3/03_extracted/19_05_2026_minlenght191_Q30/per_sample_metrics.tsv,03 extraction
GFB-61825,clibKH1593xpositive,03_extraction,reads_in_total,1718331,TCRA3,P3408_LUCA-TCRA3,data/P3408_LUCA-TCRA3/03_extracted/19_05_2026_minlenght191_Q30/per_sample_metrics.tsv,03 extraction
GFB-61825,clibKH1593xpositive,03_extraction,reads_pass,1542318,TCRA3,P3408_LUCA-TCRA3,data/P3408_LUCA-TCRA3/03_extracted/19_05_2026_minlenght191_Q30/per_sample_metrics.tsv,03 extraction
GFB-61825,clibKH1593xpositive,03_extraction,reads_lost_no_anchor,26144,TCRA3,P3408_LUCA-TCRA3,data/P3408_LUCA-TCRA3/03_extracted/19_05_2026_minlenght191_Q30/per_sample_metrics.tsv,03 extraction
GFB-61825,clibKH1593xpositive,03_extraction,reads_lost_too_short,1,TCRA3,P3408_LUCA-TCRA3,data/P3408_LUCA-TCRA3/03_extracted/19_05_2026_minlenght191_Q30/per_sample_metrics.tsv,03 extraction
GFB-61825,clibKH1593xpositive,03_extraction,reads_lost_contains_N,141387,TCRA3,P3408_LUCA-TCRA3,data/P3408_LUCA-TCRA3/03_extracted/19_05_2026_minlenght191_Q30/per_sample_metrics.tsv,03 extraction
GFB-61825,clibKH1593xpositive,03_extraction,reads_lost_wrong_length,0,TCRA3,P3408_LUCA-TCRA3,data/P3408_LUCA-TCRA3/03_extracted/19_05_2026_minlenght191_Q30/per_sample_metrics.tsv,03 extraction
GFB-61825,clibKH1593xpositive,03_extraction,reads_lost_stop_codon,9,TCRA3,P3408_LUCA-TCRA3,data/P3408_LUCA-TCRA3/03_extracted/19_05_2026_minlenght191_Q30/per_sample_metrics.tsv,03 extraction
GFB-61825,clibKH1593xpositive,03_extraction,reads_lost_validation,8472,TCRA3,P3408_LUCA-TCRA3,data/P3408_LUCA-TCRA3/03_extracted/19_05_2026_minlenght191_Q30/per_sample_metrics.tsv,03 extraction
GFB-61823,clibTitin3xpositive,03_extraction,reads_in_total,1815044,TCRA3,P3408_LUCA-TCRA3,data/P3408_LUCA-TCRA3/03_extracted/19_05_2026_minlenght191_Q30/per_sample_metrics.tsv,03 extraction
GFB-61823,clibTitin3xpositive,03_extraction,reads_pass,1610294,TCRA3,P3408_LUCA-TCRA3,data/P3408_LUCA-TCRA3/03_extracted/19_05_2026_minlenght191_Q30/per_sample_metrics.tsv,03 extraction
GFB-61823,clibTitin3xpositive,03_extraction,reads_lost_no_anchor,27289,TCRA3,P3408_LUCA-TCRA3,data/P3408_LUCA-TCRA3/03_extracted/19_05_2026_minlenght191_Q30/per_sample_metrics.tsv,03 extraction
GFB-61823,clibTitin3xpositive,03_extraction,reads_lost_too_short,19,TCRA3,P3408_LUCA-TCRA3,data/P3408_LUCA-TCRA3/03_extracted/19_05_2026_minlenght191_Q30/per_sample_metrics.tsv,03 extraction
GFB-61823,clibTitin3xpositive,03_extraction,reads_lost_contains_N,156005,TCRA3,P3408_LUCA-TCRA3,data/P3408_LUCA-TCRA3/03_extracted/19_05_2026_minlenght191_Q30/per_sample_metrics.tsv,03 extraction
GFB-61823,clibTitin3xpositive,03_extraction,reads_lost_wrong_length,0,TCRA3,P3408_LUCA-TCRA3,data/P3408_LUCA-TCRA3/03_extracted/19_05_2026_minlenght191_Q30/per_sample_metrics.tsv,03 extraction
GFB-61823,clibTitin3xpositive,03_extraction,reads_lost_stop_codon,675,TCRA3,P3408_LUCA-TCRA3,data/P3408_LUCA-TCRA3/03_extracted/19_05_2026_minlenght191_Q30/per_sample_metrics.tsv,03 extraction
GFB-61823,clibTitin3xpositive,03_extraction,reads_lost_validation,20762,TCRA3,P3408_LUCA-TCRA3,data/P3408_LUCA-TCRA3/03_extracted/19_05_2026_minlenght191_Q30/per_sample_metrics.tsv,03 extraction
GFB-61827,clibKH1633xpositive,03_extraction,reads_in_total,1873731,TCRA3,P3408_LUCA-TCRA3,data/P3408_LUCA-TCRA3/03_extracted/19_05_2026_minlenght191_Q30/per_sample_metrics.tsv,03 extraction
GFB-61827,clibKH1633xpositive,03_extraction,reads_pass,1635170,TCRA3,P3408_LUCA-TCRA3,data/P3408_LUCA-TCRA3/03_extracted/19_05_2026_minlenght191_Q30/per_sample_metrics.tsv,03 extraction
GFB-61827,clibKH1633xpositive,03_extraction,reads_lost_no_anchor,39978,TCRA3,P3408_LUCA-TCRA3,data/P3408_LUCA-TCRA3/03_extracted/19_05_2026_minlenght191_Q30/per_sample_metrics.tsv,03 extraction
GFB-61827,clibKH1633xpositive,03_extraction,reads_lost_too_short,1,TCRA3,P3408_LUCA-TCRA3,data/P3408_LUCA-TCRA3/03_extracted/19_05_2026_minlenght191_Q30/per_sample_metrics.tsv,03 extraction
GFB-61827,clibKH1633xpositive,03_extraction,reads_lost_contains_N,162102,TCRA3,P3408_LUCA-TCRA3,data/P3408_LUCA-TCRA3/03_extracted/19_05_2026_minlenght191_Q30/per_sample_metrics.tsv,03 extraction
GFB-61827,clibKH1633xpositive,03_extraction,reads_lost_wrong_length,0,TCRA3,P3408_LUCA-TCRA3,data/P3408_LUCA-TCRA3/03_extracted/19_05_2026_minlenght191_Q30/per_sample_metrics.tsv,03 extraction
GFB-61827,clibKH1633xpositive,03_extraction,reads_lost_stop_codon,6818,TCRA3,P3408_LUCA-TCRA3,data/P3408_LUCA-TCRA3/03_extracted/19_05_2026_minlenght191_Q30/per_sample_metrics.tsv,03 extraction
GFB-61827,clibKH1633xpositive,03_extraction,reads_lost_validation,29662,TCRA3,P3408_LUCA-TCRA3,data/P3408_LUCA-TCRA3/03_extracted/19_05_2026_minlenght191_Q30/per_sample_metrics.tsv,03 extraction
GFB-61835,clibKH16031xpositive,03_extraction,reads_in_total,2041920,TCRA3,P3408_LUCA-TCRA3,data/P3408_LUCA-TCRA3/03_extracted/19_05_2026_minlenght191_Q30/per_sample_metrics.tsv,03 extraction
GFB-61835,clibKH16031xpositive,03_extraction,reads_pass,1797472,TCRA3,P3408_LUCA-TCRA3,data/P3408_LUCA-TCRA3/03_extracted/19_05_2026_minlenght191_Q30/per_sample_metrics.tsv,03 extraction
GFB-61835,clibKH16031xpositive,03_extraction,reads_lost_no_anchor,42709,TCRA3,P3408_LUCA-TCRA3,data/P3408_LUCA-TCRA3/03_extracted/19_05_2026_minlenght191_Q30/per_sample_metrics.tsv,03 extraction
GFB-61835,clibKH16031xpositive,03_extraction,reads_lost_too_short,1,TCRA3,P3408_LUCA-TCRA3,data/P3408_LUCA-TCRA3/03_extracted/19_05_2026_minlenght191_Q30/per_sample_metrics.tsv,03 extraction
GFB-61835,clibKH16031xpositive,03_extraction,reads_lost_contains_N,173491,TCRA3,P3408_LUCA-TCRA3,data/P3408_LUCA-TCRA3/03_extracted/19_05_2026_minlenght191_Q30/per_sample_metrics.tsv,03 extraction
GFB-61835,clibKH16031xpositive,03_extraction,reads_lost_wrong_length,0,TCRA3,P3408_LUCA-TCRA3,data/P3408_LUCA-TCRA3/03_extracted/19_05_2026_minlenght191_Q30/per_sample_metrics.tsv,03 extraction
GFB-61835,clibKH16031xpositive,03_extraction,reads_lost_stop_codon,242,TCRA3,P3408_LUCA-TCRA3,data/P3408_LUCA-TCRA3/03_extracted/19_05_2026_minlenght191_Q30/per_sample_metrics.tsv,03 extraction
GFB-61835,clibKH16031xpositive,03_extraction,reads_lost_validation,28005,TCRA3,P3408_LUCA-TCRA3,data/P3408_LUCA-TCRA3/03_extracted/19_05_2026_minlenght191_Q30/per_sample_metrics.tsv,03 extraction
GFB-61834,clibKH15931xpositive,03_extraction,reads_in_total,2130821,TCRA3,P3408_LUCA-TCRA3,data/P3408_LUCA-TCRA3/03_extracted/19_05_2026_minlenght191_Q30/per_sample_metrics.tsv,03 extraction
GFB-61834,clibKH15931xpositive,03_extraction,reads_pass,1960328,TCRA3,P3408_LUCA-TCRA3,data/P3408_LUCA-TCRA3/03_extracted/19_05_2026_minlenght191_Q30/per_sample_metrics.tsv,03 extraction
GFB-61834,clibKH15931xpositive,03_extraction,reads_lost_no_anchor,64411,TCRA3,P3408_LUCA-TCRA3,data/P3408_LUCA-TCRA3/03_extracted/19_05_2026_minlenght191_Q30/per_sample_metrics.tsv,03 extraction
GFB-61834,clibKH15931xpositive,03_extraction,reads_lost_too_short,6,TCRA3,P3408_LUCA-TCRA3,data/P3408_LUCA-TCRA3/03_extracted/19_05_2026_minlenght191_Q30/per_sample_metrics.tsv,03 extraction
GFB-61834,clibKH15931xpositive,03_extraction,reads_lost_contains_N,87261,TCRA3,P3408_LUCA-TCRA3,data/P3408_LUCA-TCRA3/03_extracted/19_05_2026_minlenght191_Q30/per_sample_metrics.tsv,03 extraction
GFB-61834,clibKH15931xpositive,03_extraction,reads_lost_wrong_length,0,TCRA3,P3408_LUCA-TCRA3,data/P3408_LUCA-TCRA3/03_extracted/19_05_2026_minlenght191_Q30/per_sample_metrics.tsv,03 extraction
GFB-61834,clibKH15931xpositive,03_extraction,reads_lost_stop_codon,75,TCRA3,P3408_LUCA-TCRA3,data/P3408_LUCA-TCRA3/03_extracted/19_05_2026_minlenght191_Q30/per_sample_metrics.tsv,03 extraction
GFB-61834,clibKH15931xpositive,03_extraction,reads_lost_validation,18740,TCRA3,P3408_LUCA-TCRA3,data/P3408_LUCA-TCRA3/03_extracted/19_05_2026_minlenght191_Q30/per_sample_metrics.tsv,03 extraction
GFB-61824,clibKH1583xpositive,03_extraction,reads_in_total,2066122,TCRA3,P3408_LUCA-TCRA3,data/P3408_LUCA-TCRA3/03_extracted/19_05_2026_minlenght191_Q30/per_sample_metrics.tsv,03 extraction
GFB-61824,clibKH1583xpositive,03_extraction,reads_pass,1802261,TCRA3,P3408_LUCA-TCRA3,data/P3408_LUCA-TCRA3/03_extracted/19_05_2026_minlenght191_Q30/per_sample_metrics.tsv,03 extraction
GFB-61824,clibKH1583xpositive,03_extraction,reads_lost_no_anchor,24404,TCRA3,P3408_LUCA-TCRA3,data/P3408_LUCA-TCRA3/03_extracted/19_05_2026_minlenght191_Q30/per_sample_metrics.tsv,03 extraction
GFB-61824,clibKH1583xpositive,03_extraction,reads_lost_too_short,4,TCRA3,P3408_LUCA-TCRA3,data/P3408_LUCA-TCRA3/03_extracted/19_05_2026_minlenght191_Q30/per_sample_metrics.tsv,03 extraction
GFB-61824,clibKH1583xpositive,03_extraction,reads_lost_contains_N,188290,TCRA3,P3408_LUCA-TCRA3,data/P3408_LUCA-TCRA3/03_extracted/19_05_2026_minlenght191_Q30/per_sample_metrics.tsv,03 extraction
GFB-61824,clibKH1583xpositive,03_extraction,reads_lost_wrong_length,0,TCRA3,P3408_LUCA-TCRA3,data/P3408_LUCA-TCRA3/03_extracted/19_05_2026_minlenght191_Q30/per_sample_metrics.tsv,03 extraction
GFB-61824,clibKH1583xpositive,03_extraction,reads_lost_stop_codon,24,TCRA3,P3408_LUCA-TCRA3,data/P3408_LUCA-TCRA3/03_extracted/19_05_2026_minlenght191_Q30/per_sample_metrics.tsv,03 extraction
GFB-61824,clibKH1583xpositive,03_extraction,reads_lost_validation,51139,TCRA3,P3408_LUCA-TCRA3,data/P3408_LUCA-TCRA3/03_extracted/19_05_2026_minlenght191_Q30/per_sample_metrics.tsv,03 extraction
GFB-61833,clibKH15831xpositive,03_extraction,reads_in_total,2493905,TCRA3,P3408_LUCA-TCRA3,data/P3408_LUCA-TCRA3/03_extracted/19_05_2026_minlenght191_Q30/per_sample_metrics.tsv,03 extraction
GFB-61833,clibKH15831xpositive,03_extraction,reads_pass,2243882,TCRA3,P3408_LUCA-TCRA3,data/P3408_LUCA-TCRA3/03_extracted/19_05_2026_minlenght191_Q30/per_sample_metrics.tsv,03 extraction
GFB-61833,clibKH15831xpositive,03_extraction,reads_lost_no_anchor,68532,TCRA3,P3408_LUCA-TCRA3,data/P3408_LUCA-TCRA3/03_extracted/19_05_2026_minlenght191_Q30/per_sample_metrics.tsv,03 extraction
GFB-61833,clibKH15831xpositive,03_extraction,reads_lost_too_short,7,TCRA3,P3408_LUCA-TCRA3,data/P3408_LUCA-TCRA3/03_extracted/19_05_2026_minlenght191_Q30/per_sample_metrics.tsv,03 extraction
GFB-61833,clibKH15831xpositive,03_extraction,reads_lost_contains_N,124081,TCRA3,P3408_LUCA-TCRA3,data/P3408_LUCA-TCRA3/03_extracted/19_05_2026_minlenght191_Q30/per_sample_metrics.tsv,03 extraction
GFB-61833,clibKH15831xpositive,03_extraction,reads_lost_wrong_length,0,TCRA3,P3408_LUCA-TCRA3,data/P3408_LUCA-TCRA3/03_extracted/19_05_2026_minlenght191_Q30/per_sample_metrics.tsv,03 extraction
GFB-61833,clibKH15831xpositive,03_extraction,reads_lost_stop_codon,174,TCRA3,P3408_LUCA-TCRA3,data/P3408_LUCA-TCRA3/03_extracted/19_05_2026_minlenght191_Q30/per_sample_metrics.tsv,03 extraction
GFB-61833,clibKH15831xpositive,03_extraction,reads_lost_validation,57229,TCRA3,P3408_LUCA-TCRA3,data/P3408_LUCA-TCRA3/03_extracted/19_05_2026_minlenght191_Q30/per_sample_metrics.tsv,03 extraction
GFB-61826,clibKH1603xpositive,03_extraction,reads_in_total,2771357,TCRA3,P3408_LUCA-TCRA3,data/P3408_LUCA-TCRA3/03_extracted/19_05_2026_minlenght191_Q30/per_sample_metrics.tsv,03 extraction
GFB-61826,clibKH1603xpositive,03_extraction,reads_pass,2386331,TCRA3,P3408_LUCA-TCRA3,data/P3408_LUCA-TCRA3/03_extracted/19_05_2026_minlenght191_Q30/per_sample_metrics.tsv,03 extraction
GFB-61826,clibKH1603xpositive,03_extraction,reads_lost_no_anchor,62776,TCRA3,P3408_LUCA-TCRA3,data/P3408_LUCA-TCRA3/03_extracted/19_05_2026_minlenght191_Q30/per_sample_metrics.tsv,03 extraction
GFB-61826,clibKH1603xpositive,03_extraction,reads_lost_too_short,40,TCRA3,P3408_LUCA-TCRA3,data/P3408_LUCA-TCRA3/03_extracted/19_05_2026_minlenght191_Q30/per_sample_metrics.tsv,03 extraction
GFB-61826,clibKH1603xpositive,03_extraction,reads_lost_contains_N,279845,TCRA3,P3408_LUCA-TCRA3,data/P3408_LUCA-TCRA3/03_extracted/19_05_2026_minlenght191_Q30/per_sample_metrics.tsv,03 extraction
GFB-61826,clibKH1603xpositive,03_extraction,reads_lost_wrong_length,0,TCRA3,P3408_LUCA-TCRA3,data/P3408_LUCA-TCRA3/03_extracted/19_05_2026_minlenght191_Q30/per_sample_metrics.tsv,03 extraction
GFB-61826,clibKH1603xpositive,03_extraction,reads_lost_stop_codon,1381,TCRA3,P3408_LUCA-TCRA3,data/P3408_LUCA-TCRA3/03_extracted/19_05_2026_minlenght191_Q30/per_sample_metrics.tsv,03 extraction
GFB-61826,clibKH1603xpositive,03_extraction,reads_lost_validation,40984,TCRA3,P3408_LUCA-TCRA3,data/P3408_LUCA-TCRA3/03_extracted/19_05_2026_minlenght191_Q30/per_sample_metrics.tsv,03 extraction
GFB-61831,clibMAGE-A331xpositive,03_extraction,reads_in_total,3883995,TCRA3,P3408_LUCA-TCRA3,data/P3408_LUCA-TCRA3/03_extracted/19_05_2026_minlenght191_Q30/per_sample_metrics.tsv,03 extraction
GFB-61831,clibMAGE-A331xpositive,03_extraction,reads_pass,3224365,TCRA3,P3408_LUCA-TCRA3,data/P3408_LUCA-TCRA3/03_extracted/19_05_2026_minlenght191_Q30/per_sample_metrics.tsv,03 extraction
GFB-61831,clibMAGE-A331xpositive,03_extraction,reads_lost_no_anchor,127862,TCRA3,P3408_LUCA-TCRA3,data/P3408_LUCA-TCRA3/03_extracted/19_05_2026_minlenght191_Q30/per_sample_metrics.tsv,03 extraction
GFB-61831,clibMAGE-A331xpositive,03_extraction,reads_lost_too_short,10,TCRA3,P3408_LUCA-TCRA3,data/P3408_LUCA-TCRA3/03_extracted/19_05_2026_minlenght191_Q30/per_sample_metrics.tsv,03 extraction
GFB-61831,clibMAGE-A331xpositive,03_extraction,reads_lost_contains_N,427658,TCRA3,P3408_LUCA-TCRA3,data/P3408_LUCA-TCRA3/03_extracted/19_05_2026_minlenght191_Q30/per_sample_metrics.tsv,03 extraction
GFB-61831,clibMAGE-A331xpositive,03_extraction,reads_lost_wrong_length,0,TCRA3,P3408_LUCA-TCRA3,data/P3408_LUCA-TCRA3/03_extracted/19_05_2026_minlenght191_Q30/per_sample_metrics.tsv,03 extraction
GFB-61831,clibMAGE-A331xpositive,03_extraction,reads_lost_stop_codon,5069,TCRA3,P3408_LUCA-TCRA3,data/P3408_LUCA-TCRA3/03_extracted/19_05_2026_minlenght191_Q30/per_sample_metrics.tsv,03 extraction
GFB-61831,clibMAGE-A331xpositive,03_extraction,reads_lost_validation,99031,TCRA3,P3408_LUCA-TCRA3,data/P3408_LUCA-TCRA3/03_extracted/19_05_2026_minlenght191_Q30/per_sample_metrics.tsv,03 extraction
GFB-61817,clibKH1642xnegative,03_extraction,reads_in_total,4581962,TCRA3,P3408_LUCA-TCRA3,data/P3408_LUCA-TCRA3/03_extracted/19_05_2026_minlenght191_Q30/per_sample_metrics.tsv,03 extraction
GFB-61817,clibKH1642xnegative,03_extraction,reads_pass,3574475,TCRA3,P3408_LUCA-TCRA3,data/P3408_LUCA-TCRA3/03_extracted/19_05_2026_minlenght191_Q30/per_sample_metrics.tsv,03 extraction
GFB-61817,clibKH1642xnegative,03_extraction,reads_lost_no_anchor,156810,TCRA3,P3408_LUCA-TCRA3,data/P3408_LUCA-TCRA3/03_extracted/19_05_2026_minlenght191_Q30/per_sample_metrics.tsv,03 extraction
GFB-61817,clibKH1642xnegative,03_extraction,reads_lost_too_short,168,TCRA3,P3408_LUCA-TCRA3,data/P3408_LUCA-TCRA3/03_extracted/19_05_2026_minlenght191_Q30/per_sample_metrics.tsv,03 extraction
GFB-61817,clibKH1642xnegative,03_extraction,reads_lost_contains_N,743357,TCRA3,P3408_LUCA-TCRA3,data/P3408_LUCA-TCRA3/03_extracted/19_05_2026_minlenght191_Q30/per_sample_metrics.tsv,03 extraction
GFB-61817,clibKH1642xnegative,03_extraction,reads_lost_wrong_length,0,TCRA3,P3408_LUCA-TCRA3,data/P3408_LUCA-TCRA3/03_extracted/19_05_2026_minlenght191_Q30/per_sample_metrics.tsv,03 extraction
GFB-61817,clibKH1642xnegative,03_extraction,reads_lost_stop_codon,3299,TCRA3,P3408_LUCA-TCRA3,data/P3408_LUCA-TCRA3/03_extracted/19_05_2026_minlenght191_Q30/per_sample_metrics.tsv,03 extraction
GFB-61817,clibKH1642xnegative,03_extraction,reads_lost_validation,103853,TCRA3,P3408_LUCA-TCRA3,data/P3408_LUCA-TCRA3/03_extracted/19_05_2026_minlenght191_Q30/per_sample_metrics.tsv,03 extraction
GFB-61815,clibKH1602xnegative,03_extraction,reads_in_total,6678057,TCRA3,P3408_LUCA-TCRA3,data/P3408_LUCA-TCRA3/03_extracted/19_05_2026_minlenght191_Q30/per_sample_metrics.tsv,03 extraction
GFB-61815,clibKH1602xnegative,03_extraction,reads_pass,4953281,TCRA3,P3408_LUCA-TCRA3,data/P3408_LUCA-TCRA3/03_extracted/19_05_2026_minlenght191_Q30/per_sample_metrics.tsv,03 extraction
GFB-61815,clibKH1602xnegative,03_extraction,reads_lost_no_anchor,243043,TCRA3,P3408_LUCA-TCRA3,data/P3408_LUCA-TCRA3/03_extracted/19_05_2026_minlenght191_Q30/per_sample_metrics.tsv,03 extraction
GFB-61815,clibKH1602xnegative,03_extraction,reads_lost_too_short,525,TCRA3,P3408_LUCA-TCRA3,data/P3408_LUCA-TCRA3/03_extracted/19_05_2026_minlenght191_Q30/per_sample_metrics.tsv,03 extraction
GFB-61815,clibKH1602xnegative,03_extraction,reads_lost_contains_N,1318211,TCRA3,P3408_LUCA-TCRA3,data/P3408_LUCA-TCRA3/03_extracted/19_05_2026_minlenght191_Q30/per_sample_metrics.tsv,03 extraction
GFB-61815,clibKH1602xnegative,03_extraction,reads_lost_wrong_length,0,TCRA3,P3408_LUCA-TCRA3,data/P3408_LUCA-TCRA3/03_extracted/19_05_2026_minlenght191_Q30/per_sample_metrics.tsv,03 extraction
GFB-61815,clibKH1602xnegative,03_extraction,reads_lost_stop_codon,4375,TCRA3,P3408_LUCA-TCRA3,data/P3408_LUCA-TCRA3/03_extracted/19_05_2026_minlenght191_Q30/per_sample_metrics.tsv,03 extraction
GFB-61815,clibKH1602xnegative,03_extraction,reads_lost_validation,158622,TCRA3,P3408_LUCA-TCRA3,data/P3408_LUCA-TCRA3/03_extracted/19_05_2026_minlenght191_Q30/per_sample_metrics.tsv,03 extraction
GFB-61812,clibTitin2xnegative,03_extraction,reads_in_total,7127924,TCRA3,P3408_LUCA-TCRA3,data/P3408_LUCA-TCRA3/03_extracted/19_05_2026_minlenght191_Q30/per_sample_metrics.tsv,03 extraction
GFB-61812,clibTitin2xnegative,03_extraction,reads_pass,5214822,TCRA3,P3408_LUCA-TCRA3,data/P3408_LUCA-TCRA3/03_extracted/19_05_2026_minlenght191_Q30/per_sample_metrics.tsv,03 extraction
GFB-61812,clibTitin2xnegative,03_extraction,reads_lost_no_anchor,223570,TCRA3,P3408_LUCA-TCRA3,data/P3408_LUCA-TCRA3/03_extracted/19_05_2026_minlenght191_Q30/per_sample_metrics.tsv,03 extraction
GFB-61812,clibTitin2xnegative,03_extraction,reads_lost_too_short,396,TCRA3,P3408_LUCA-TCRA3,data/P3408_LUCA-TCRA3/03_extracted/19_05_2026_minlenght191_Q30/per_sample_metrics.tsv,03 extraction
GFB-61812,clibTitin2xnegative,03_extraction,reads_lost_contains_N,1525884,TCRA3,P3408_LUCA-TCRA3,data/P3408_LUCA-TCRA3/03_extracted/19_05_2026_minlenght191_Q30/per_sample_metrics.tsv,03 extraction
GFB-61812,clibTitin2xnegative,03_extraction,reads_lost_wrong_length,0,TCRA3,P3408_LUCA-TCRA3,data/P3408_LUCA-TCRA3/03_extracted/19_05_2026_minlenght191_Q30/per_sample_metrics.tsv,03 extraction
GFB-61812,clibTitin2xnegative,03_extraction,reads_lost_stop_codon,4030,TCRA3,P3408_LUCA-TCRA3,data/P3408_LUCA-TCRA3/03_extracted/19_05_2026_minlenght191_Q30/per_sample_metrics.tsv,03 extraction
GFB-61812,clibTitin2xnegative,03_extraction,reads_lost_validation,159222,TCRA3,P3408_LUCA-TCRA3,data/P3408_LUCA-TCRA3/03_extracted/19_05_2026_minlenght191_Q30/per_sample_metrics.tsv,03 extraction
GFB-61813,clibKH1582xnegative,03_extraction,reads_in_total,7407127,TCRA3,P3408_LUCA-TCRA3,data/P3408_LUCA-TCRA3/03_extracted/19_05_2026_minlenght191_Q30/per_sample_metrics.tsv,03 extraction
GFB-61813,clibKH1582xnegative,03_extraction,reads_pass,5375715,TCRA3,P3408_LUCA-TCRA3,data/P3408_LUCA-TCRA3/03_extracted/19_05_2026_minlenght191_Q30/per_sample_metrics.tsv,03 extraction
GFB-61813,clibKH1582xnegative,03_extraction,reads_lost_no_anchor,272315,TCRA3,P3408_LUCA-TCRA3,data/P3408_LUCA-TCRA3/03_extracted/19_05_2026_minlenght191_Q30/per_sample_metrics.tsv,03 extraction
GFB-61813,clibKH1582xnegative,03_extraction,reads_lost_too_short,456,TCRA3,P3408_LUCA-TCRA3,data/P3408_LUCA-TCRA3/03_extracted/19_05_2026_minlenght191_Q30/per_sample_metrics.tsv,03 extraction
GFB-61813,clibKH1582xnegative,03_extraction,reads_lost_contains_N,1598839,TCRA3,P3408_LUCA-TCRA3,data/P3408_LUCA-TCRA3/03_extracted/19_05_2026_minlenght191_Q30/per_sample_metrics.tsv,03 extraction
GFB-61813,clibKH1582xnegative,03_extraction,reads_lost_wrong_length,0,TCRA3,P3408_LUCA-TCRA3,data/P3408_LUCA-TCRA3/03_extracted/19_05_2026_minlenght191_Q30/per_sample_metrics.tsv,03 extraction
GFB-61813,clibKH1582xnegative,03_extraction,reads_lost_stop_codon,5885,TCRA3,P3408_LUCA-TCRA3,data/P3408_LUCA-TCRA3/03_extracted/19_05_2026_minlenght191_Q30/per_sample_metrics.tsv,03 extraction
GFB-61813,clibKH1582xnegative,03_extraction,reads_lost_validation,153917,TCRA3,P3408_LUCA-TCRA3,data/P3408_LUCA-TCRA3/03_extracted/19_05_2026_minlenght191_Q30/per_sample_metrics.tsv,03 extraction
GFB-61816,clibKH1632xnegative,03_extraction,reads_in_total,6855498,TCRA3,P3408_LUCA-TCRA3,data/P3408_LUCA-TCRA3/03_extracted/19_05_2026_minlenght191_Q30/per_sample_metrics.tsv,03 extraction
GFB-61816,clibKH1632xnegative,03_extraction,reads_pass,5195472,TCRA3,P3408_LUCA-TCRA3,data/P3408_LUCA-TCRA3/03_extracted/19_05_2026_minlenght191_Q30/per_sample_metrics.tsv,03 extraction
GFB-61816,clibKH1632xnegative,03_extraction,reads_lost_no_anchor,254183,TCRA3,P3408_LUCA-TCRA3,data/P3408_LUCA-TCRA3/03_extracted/19_05_2026_minlenght191_Q30/per_sample_metrics.tsv,03 extraction
GFB-61816,clibKH1632xnegative,03_extraction,reads_lost_too_short,574,TCRA3,P3408_LUCA-TCRA3,data/P3408_LUCA-TCRA3/03_extracted/19_05_2026_minlenght191_Q30/per_sample_metrics.tsv,03 extraction
GFB-61816,clibKH1632xnegative,03_extraction,reads_lost_contains_N,1232000,TCRA3,P3408_LUCA-TCRA3,data/P3408_LUCA-TCRA3/03_extracted/19_05_2026_minlenght191_Q30/per_sample_metrics.tsv,03 extraction
GFB-61816,clibKH1632xnegative,03_extraction,reads_lost_wrong_length,0,TCRA3,P3408_LUCA-TCRA3,data/P3408_LUCA-TCRA3/03_extracted/19_05_2026_minlenght191_Q30/per_sample_metrics.tsv,03 extraction
GFB-61816,clibKH1632xnegative,03_extraction,reads_lost_stop_codon,4184,TCRA3,P3408_LUCA-TCRA3,data/P3408_LUCA-TCRA3/03_extracted/19_05_2026_minlenght191_Q30/per_sample_metrics.tsv,03 extraction
GFB-61816,clibKH1632xnegative,03_extraction,reads_lost_validation,169085,TCRA3,P3408_LUCA-TCRA3,data/P3408_LUCA-TCRA3/03_extracted/19_05_2026_minlenght191_Q30/per_sample_metrics.tsv,03 extraction
GFB-61811,clibMAGE-A32xnegative,03_extraction,reads_in_total,8113334,TCRA3,P3408_LUCA-TCRA3,data/P3408_LUCA-TCRA3/03_extracted/19_05_2026_minlenght191_Q30/per_sample_metrics.tsv,03 extraction
GFB-61811,clibMAGE-A32xnegative,03_extraction,reads_pass,5715332,TCRA3,P3408_LUCA-TCRA3,data/P3408_LUCA-TCRA3/03_extracted/19_05_2026_minlenght191_Q30/per_sample_metrics.tsv,03 extraction
GFB-61811,clibMAGE-A32xnegative,03_extraction,reads_lost_no_anchor,318851,TCRA3,P3408_LUCA-TCRA3,data/P3408_LUCA-TCRA3/03_extracted/19_05_2026_minlenght191_Q30/per_sample_metrics.tsv,03 extraction
GFB-61811,clibMAGE-A32xnegative,03_extraction,reads_lost_too_short,842,TCRA3,P3408_LUCA-TCRA3,data/P3408_LUCA-TCRA3/03_extracted/19_05_2026_minlenght191_Q30/per_sample_metrics.tsv,03 extraction
GFB-61811,clibMAGE-A32xnegative,03_extraction,reads_lost_contains_N,1898064,TCRA3,P3408_LUCA-TCRA3,data/P3408_LUCA-TCRA3/03_extracted/19_05_2026_minlenght191_Q30/per_sample_metrics.tsv,03 extraction
GFB-61811,clibMAGE-A32xnegative,03_extraction,reads_lost_wrong_length,0,TCRA3,P3408_LUCA-TCRA3,data/P3408_LUCA-TCRA3/03_extracted/19_05_2026_minlenght191_Q30/per_sample_metrics.tsv,03 extraction
GFB-61811,clibMAGE-A32xnegative,03_extraction,reads_lost_stop_codon,6589,TCRA3,P3408_LUCA-TCRA3,data/P3408_LUCA-TCRA3/03_extracted/19_05_2026_minlenght191_Q30/per_sample_metrics.tsv,03 extraction
GFB-61811,clibMAGE-A32xnegative,03_extraction,reads_lost_validation,173656,TCRA3,P3408_LUCA-TCRA3,data/P3408_LUCA-TCRA3/03_extracted/19_05_2026_minlenght191_Q30/per_sample_metrics.tsv,03 extraction
GFB-61819,clibKH1672xnegative,03_extraction,reads_in_total,7628620,TCRA3,P3408_LUCA-TCRA3,data/P3408_LUCA-TCRA3/03_extracted/19_05_2026_minlenght191_Q30/per_sample_metrics.tsv,03 extraction
GFB-61819,clibKH1672xnegative,03_extraction,reads_pass,6257045,TCRA3,P3408_LUCA-TCRA3,data/P3408_LUCA-TCRA3/03_extracted/19_05_2026_minlenght191_Q30/per_sample_metrics.tsv,03 extraction
GFB-61819,clibKH1672xnegative,03_extraction,reads_lost_no_anchor,280921,TCRA3,P3408_LUCA-TCRA3,data/P3408_LUCA-TCRA3/03_extracted/19_05_2026_minlenght191_Q30/per_sample_metrics.tsv,03 extraction
GFB-61819,clibKH1672xnegative,03_extraction,reads_lost_too_short,824,TCRA3,P3408_LUCA-TCRA3,data/P3408_LUCA-TCRA3/03_extracted/19_05_2026_minlenght191_Q30/per_sample_metrics.tsv,03 extraction
GFB-61819,clibKH1672xnegative,03_extraction,reads_lost_contains_N,886396,TCRA3,P3408_LUCA-TCRA3,data/P3408_LUCA-TCRA3/03_extracted/19_05_2026_minlenght191_Q30/per_sample_metrics.tsv,03 extraction
GFB-61819,clibKH1672xnegative,03_extraction,reads_lost_wrong_length,0,TCRA3,P3408_LUCA-TCRA3,data/P3408_LUCA-TCRA3/03_extracted/19_05_2026_minlenght191_Q30/per_sample_metrics.tsv,03 extraction
GFB-61819,clibKH1672xnegative,03_extraction,reads_lost_stop_codon,5780,TCRA3,P3408_LUCA-TCRA3,data/P3408_LUCA-TCRA3/03_extracted/19_05_2026_minlenght191_Q30/per_sample_metrics.tsv,03 extraction
GFB-61819,clibKH1672xnegative,03_extraction,reads_lost_validation,197654,TCRA3,P3408_LUCA-TCRA3,data/P3408_LUCA-TCRA3/03_extracted/19_05_2026_minlenght191_Q30/per_sample_metrics.tsv,03 extraction
GFB-61818,clibKH1652xnegative,03_extraction,reads_in_total,8540450,TCRA3,P3408_LUCA-TCRA3,data/P3408_LUCA-TCRA3/03_extracted/19_05_2026_minlenght191_Q30/per_sample_metrics.tsv,03 extraction
GFB-61818,clibKH1652xnegative,03_extraction,reads_pass,6296129,TCRA3,P3408_LUCA-TCRA3,data/P3408_LUCA-TCRA3/03_extracted/19_05_2026_minlenght191_Q30/per_sample_metrics.tsv,03 extraction
GFB-61818,clibKH1652xnegative,03_extraction,reads_lost_no_anchor,281069,TCRA3,P3408_LUCA-TCRA3,data/P3408_LUCA-TCRA3/03_extracted/19_05_2026_minlenght191_Q30/per_sample_metrics.tsv,03 extraction
GFB-61818,clibKH1652xnegative,03_extraction,reads_lost_too_short,750,TCRA3,P3408_LUCA-TCRA3,data/P3408_LUCA-TCRA3/03_extracted/19_05_2026_minlenght191_Q30/per_sample_metrics.tsv,03 extraction
GFB-61818,clibKH1652xnegative,03_extraction,reads_lost_contains_N,1769582,TCRA3,P3408_LUCA-TCRA3,data/P3408_LUCA-TCRA3/03_extracted/19_05_2026_minlenght191_Q30/per_sample_metrics.tsv,03 extraction
GFB-61818,clibKH1652xnegative,03_extraction,reads_lost_wrong_length,0,TCRA3,P3408_LUCA-TCRA3,data/P3408_LUCA-TCRA3/03_extracted/19_05_2026_minlenght191_Q30/per_sample_metrics.tsv,03 extraction
GFB-61818,clibKH1652xnegative,03_extraction,reads_lost_stop_codon,5379,TCRA3,P3408_LUCA-TCRA3,data/P3408_LUCA-TCRA3/03_extracted/19_05_2026_minlenght191_Q30/per_sample_metrics.tsv,03 extraction
GFB-61818,clibKH1652xnegative,03_extraction,reads_lost_validation,187541,TCRA3,P3408_LUCA-TCRA3,data/P3408_LUCA-TCRA3/03_extracted/19_05_2026_minlenght191_Q30/per_sample_metrics.tsv,03 extraction
GFB-61814,clibKH1592xnegative,03_extraction,reads_in_total,8841793,TCRA3,P3408_LUCA-TCRA3,data/P3408_LUCA-TCRA3/03_extracted/19_05_2026_minlenght191_Q30/per_sample_metrics.tsv,03 extraction
GFB-61814,clibKH1592xnegative,03_extraction,reads_pass,6202548,TCRA3,P3408_LUCA-TCRA3,data/P3408_LUCA-TCRA3/03_extracted/19_05_2026_minlenght191_Q30/per_sample_metrics.tsv,03 extraction
GFB-61814,clibKH1592xnegative,03_extraction,reads_lost_no_anchor,295756,TCRA3,P3408_LUCA-TCRA3,data/P3408_LUCA-TCRA3/03_extracted/19_05_2026_minlenght191_Q30/per_sample_metrics.tsv,03 extraction
GFB-61814,clibKH1592xnegative,03_extraction,reads_lost_too_short,1230,TCRA3,P3408_LUCA-TCRA3,data/P3408_LUCA-TCRA3/03_extracted/19_05_2026_minlenght191_Q30/per_sample_metrics.tsv,03 extraction
GFB-61814,clibKH1592xnegative,03_extraction,reads_lost_contains_N,2155078,TCRA3,P3408_LUCA-TCRA3,data/P3408_LUCA-TCRA3/03_extracted/19_05_2026_minlenght191_Q30/per_sample_metrics.tsv,03 extraction
GFB-61814,clibKH1592xnegative,03_extraction,reads_lost_wrong_length,0,TCRA3,P3408_LUCA-TCRA3,data/P3408_LUCA-TCRA3/03_extracted/19_05_2026_minlenght191_Q30/per_sample_metrics.tsv,03 extraction
GFB-61814,clibKH1592xnegative,03_extraction,reads_lost_stop_codon,4681,TCRA3,P3408_LUCA-TCRA3,data/P3408_LUCA-TCRA3/03_extracted/19_05_2026_minlenght191_Q30/per_sample_metrics.tsv,03 extraction
GFB-61814,clibKH1592xnegative,03_extraction,reads_lost_validation,182500,TCRA3,P3408_LUCA-TCRA3,data/P3408_LUCA-TCRA3/03_extracted/19_05_2026_minlenght191_Q30/per_sample_metrics.tsv,03 extraction
GFB-61837,clibKH16431xpositive,03_extraction,reads_in_total,861637,TCRA3,P3408_LUCA-TCRA3,data/P3408_LUCA-TCRA3/03_extracted/19_05_2026_minlenght191_Q30/per_sample_metrics.tsv,03 extraction
GFB-61837,clibKH16431xpositive,03_extraction,reads_pass,807487,TCRA3,P3408_LUCA-TCRA3,data/P3408_LUCA-TCRA3/03_extracted/19_05_2026_minlenght191_Q30/per_sample_metrics.tsv,03 extraction
GFB-61837,clibKH16431xpositive,03_extraction,reads_lost_no_anchor,8093,TCRA3,P3408_LUCA-TCRA3,data/P3408_LUCA-TCRA3/03_extracted/19_05_2026_minlenght191_Q30/per_sample_metrics.tsv,03 extraction
GFB-61837,clibKH16431xpositive,03_extraction,reads_lost_too_short,0,TCRA3,P3408_LUCA-TCRA3,data/P3408_LUCA-TCRA3/03_extracted/19_05_2026_minlenght191_Q30/per_sample_metrics.tsv,03 extraction
GFB-61837,clibKH16431xpositive,03_extraction,reads_lost_contains_N,42281,TCRA3,P3408_LUCA-TCRA3,data/P3408_LUCA-TCRA3/03_extracted/19_05_2026_minlenght191_Q30/per_sample_metrics.tsv,03 extraction
GFB-61837,clibKH16431xpositive,03_extraction,reads_lost_wrong_length,0,TCRA3,P3408_LUCA-TCRA3,data/P3408_LUCA-TCRA3/03_extracted/19_05_2026_minlenght191_Q30/per_sample_metrics.tsv,03 extraction
GFB-61837,clibKH16431xpositive,03_extraction,reads_lost_stop_codon,2,TCRA3,P3408_LUCA-TCRA3,data/P3408_LUCA-TCRA3/03_extracted/19_05_2026_minlenght191_Q30/per_sample_metrics.tsv,03 extraction
GFB-61837,clibKH16431xpositive,03_extraction,reads_lost_validation,3774,TCRA3,P3408_LUCA-TCRA3,data/P3408_LUCA-TCRA3/03_extracted/19_05_2026_minlenght191_Q30/per_sample_metrics.tsv,03 extraction
GFB-61838,clibKH16531xpositive,03_extraction,reads_in_total,939931,TCRA3,P3408_LUCA-TCRA3,data/P3408_LUCA-TCRA3/03_extracted/19_05_2026_minlenght191_Q30/per_sample_metrics.tsv,03 extraction
GFB-61838,clibKH16531xpositive,03_extraction,reads_pass,863175,TCRA3,P3408_LUCA-TCRA3,data/P3408_LUCA-TCRA3/03_extracted/19_05_2026_minlenght191_Q30/per_sample_metrics.tsv,03 extraction
GFB-61838,clibKH16531xpositive,03_extraction,reads_lost_no_anchor,16300,TCRA3,P3408_LUCA-TCRA3,data/P3408_LUCA-TCRA3/03_extracted/19_05_2026_minlenght191_Q30/per_sample_metrics.tsv,03 extraction
GFB-61838,clibKH16531xpositive,03_extraction,reads_lost_too_short,0,TCRA3,P3408_LUCA-TCRA3,data/P3408_LUCA-TCRA3/03_extracted/19_05_2026_minlenght191_Q30/per_sample_metrics.tsv,03 extraction
GFB-61838,clibKH16531xpositive,03_extraction,reads_lost_contains_N,41539,TCRA3,P3408_LUCA-TCRA3,data/P3408_LUCA-TCRA3/03_extracted/19_05_2026_minlenght191_Q30/per_sample_metrics.tsv,03 extraction
GFB-61838,clibKH16531xpositive,03_extraction,reads_lost_wrong_length,0,TCRA3,P3408_LUCA-TCRA3,data/P3408_LUCA-TCRA3/03_extracted/19_05_2026_minlenght191_Q30/per_sample_metrics.tsv,03 extraction
GFB-61838,clibKH16531xpositive,03_extraction,reads_lost_stop_codon,34,TCRA3,P3408_LUCA-TCRA3,data/P3408_LUCA-TCRA3/03_extracted/19_05_2026_minlenght191_Q30/per_sample_metrics.tsv,03 extraction
GFB-61838,clibKH16531xpositive,03_extraction,reads_lost_validation,18883,TCRA3,P3408_LUCA-TCRA3,data/P3408_LUCA-TCRA3/03_extracted/19_05_2026_minlenght191_Q30/per_sample_metrics.tsv,03 extraction
GFB-61839,clibKH16731xpositive,03_extraction,reads_in_total,1241242,TCRA3,P3408_LUCA-TCRA3,data/P3408_LUCA-TCRA3/03_extracted/19_05_2026_minlenght191_Q30/per_sample_metrics.tsv,03 extraction
GFB-61839,clibKH16731xpositive,03_extraction,reads_pass,1116223,TCRA3,P3408_LUCA-TCRA3,data/P3408_LUCA-TCRA3/03_extracted/19_05_2026_minlenght191_Q30/per_sample_metrics.tsv,03 extraction
GFB-61839,clibKH16731xpositive,03_extraction,reads_lost_no_anchor,27272,TCRA3,P3408_LUCA-TCRA3,data/P3408_LUCA-TCRA3/03_extracted/19_05_2026_minlenght191_Q30/per_sample_metrics.tsv,03 extraction
GFB-61839,clibKH16731xpositive,03_extraction,reads_lost_too_short,2,TCRA3,P3408_LUCA-TCRA3,data/P3408_LUCA-TCRA3/03_extracted/19_05_2026_minlenght191_Q30/per_sample_metrics.tsv,03 extraction
GFB-61839,clibKH16731xpositive,03_extraction,reads_lost_contains_N,63002,TCRA3,P3408_LUCA-TCRA3,data/P3408_LUCA-TCRA3/03_extracted/19_05_2026_minlenght191_Q30/per_sample_metrics.tsv,03 extraction
GFB-61839,clibKH16731xpositive,03_extraction,reads_lost_wrong_length,0,TCRA3,P3408_LUCA-TCRA3,data/P3408_LUCA-TCRA3/03_extracted/19_05_2026_minlenght191_Q30/per_sample_metrics.tsv,03 extraction
GFB-61839,clibKH16731xpositive,03_extraction,reads_lost_stop_codon,27,TCRA3,P3408_LUCA-TCRA3,data/P3408_LUCA-TCRA3/03_extracted/19_05_2026_minlenght191_Q30/per_sample_metrics.tsv,03 extraction
GFB-61839,clibKH16731xpositive,03_extraction,reads_lost_validation,34716,TCRA3,P3408_LUCA-TCRA3,data/P3408_LUCA-TCRA3/03_extracted/19_05_2026_minlenght191_Q30/per_sample_metrics.tsv,03 extraction
GFB-61836,clibKH16331xpositive,03_extraction,reads_in_total,1955224,TCRA3,P3408_LUCA-TCRA3,data/P3408_LUCA-TCRA3/03_extracted/19_05_2026_minlenght191_Q30/per_sample_metrics.tsv,03 extraction
GFB-61836,clibKH16331xpositive,03_extraction,reads_pass,1718577,TCRA3,P3408_LUCA-TCRA3,data/P3408_LUCA-TCRA3/03_extracted/19_05_2026_minlenght191_Q30/per_sample_metrics.tsv,03 extraction
GFB-61836,clibKH16331xpositive,03_extraction,reads_lost_no_anchor,41860,TCRA3,P3408_LUCA-TCRA3,data/P3408_LUCA-TCRA3/03_extracted/19_05_2026_minlenght191_Q30/per_sample_metrics.tsv,03 extraction
GFB-61836,clibKH16331xpositive,03_extraction,reads_lost_too_short,2,TCRA3,P3408_LUCA-TCRA3,data/P3408_LUCA-TCRA3/03_extracted/19_05_2026_minlenght191_Q30/per_sample_metrics.tsv,03 extraction
GFB-61836,clibKH16331xpositive,03_extraction,reads_lost_contains_N,153662,TCRA3,P3408_LUCA-TCRA3,data/P3408_LUCA-TCRA3/03_extracted/19_05_2026_minlenght191_Q30/per_sample_metrics.tsv,03 extraction
GFB-61836,clibKH16331xpositive,03_extraction,reads_lost_wrong_length,0,TCRA3,P3408_LUCA-TCRA3,data/P3408_LUCA-TCRA3/03_extracted/19_05_2026_minlenght191_Q30/per_sample_metrics.tsv,03 extraction
GFB-61836,clibKH16331xpositive,03_extraction,reads_lost_stop_codon,1549,TCRA3,P3408_LUCA-TCRA3,data/P3408_LUCA-TCRA3/03_extracted/19_05_2026_minlenght191_Q30/per_sample_metrics.tsv,03 extraction
GFB-61836,clibKH16331xpositive,03_extraction,reads_lost_validation,39574,TCRA3,P3408_LUCA-TCRA3,data/P3408_LUCA-TCRA3/03_extracted/19_05_2026_minlenght191_Q30/per_sample_metrics.tsv,03 extraction
GFB-61840,cliboriginallib,03_extraction,reads_in_total,7980605,TCRA3,P3408_LUCA-TCRA3,data/P3408_LUCA-TCRA3/03_extracted/19_05_2026_minlenght191_Q30/per_sample_metrics.tsv,03 extraction
GFB-61840,cliboriginallib,03_extraction,reads_pass,5856816,TCRA3,P3408_LUCA-TCRA3,data/P3408_LUCA-TCRA3/03_extracted/19_05_2026_minlenght191_Q30/per_sample_metrics.tsv,03 extraction
GFB-61840,cliboriginallib,03_extraction,reads_lost_no_anchor,443439,TCRA3,P3408_LUCA-TCRA3,data/P3408_LUCA-TCRA3/03_extracted/19_05_2026_minlenght191_Q30/per_sample_metrics.tsv,03 extraction
GFB-61840,cliboriginallib,03_extraction,reads_lost_too_short,517,TCRA3,P3408_LUCA-TCRA3,data/P3408_LUCA-TCRA3/03_extracted/19_05_2026_minlenght191_Q30/per_sample_metrics.tsv,03 extraction
GFB-61840,cliboriginallib,03_extraction,reads_lost_contains_N,1509117,TCRA3,P3408_LUCA-TCRA3,data/P3408_LUCA-TCRA3/03_extracted/19_05_2026_minlenght191_Q30/per_sample_metrics.tsv,03 extraction
GFB-61840,cliboriginallib,03_extraction,reads_lost_wrong_length,0,TCRA3,P3408_LUCA-TCRA3,data/P3408_LUCA-TCRA3/03_extracted/19_05_2026_minlenght191_Q30/per_sample_metrics.tsv,03 extraction
GFB-61840,cliboriginallib,03_extraction,reads_lost_stop_codon,5119,TCRA3,P3408_LUCA-TCRA3,data/P3408_LUCA-TCRA3/03_extracted/19_05_2026_minlenght191_Q30/per_sample_metrics.tsv,03 extraction
GFB-61840,cliboriginallib,03_extraction,reads_lost_validation,165597,TCRA3,P3408_LUCA-TCRA3,data/P3408_LUCA-TCRA3/03_extracted/19_05_2026_minlenght191_Q30/per_sample_metrics.tsv,03 extraction
GFB-66695,clib-KH157-2x-negative,01_preprocessing,reads_in_total,271495194,TCRA3,P3569_LUCA-TCRA3_KH157,data/P3569_LUCA-TCRA3_KH157/01_preprocessed/26_04_2026_minLenght191_QScore20/per_sample_metrics.tsv,01 preprocessing
GFB-66695,clib-KH157-2x-negative,01_preprocessing,reads_out_total,209511828,TCRA3,P3569_LUCA-TCRA3_KH157,data/P3569_LUCA-TCRA3_KH157/01_preprocessed/26_04_2026_minLenght191_QScore20/per_sample_metrics.tsv,01 preprocessing
GFB-66695,clib-KH157-2x-negative,01_preprocessing,reads_lost_trimming,61983366,TCRA3,P3569_LUCA-TCRA3_KH157,data/P3569_LUCA-TCRA3_KH157/01_preprocessed/26_04_2026_minLenght191_QScore20/per_sample_metrics.tsv,01 preprocessing
GFB-66695,clib-KH157-2x-negative,01_preprocessing,n_input_fastqs,2,TCRA3,P3569_LUCA-TCRA3_KH157,data/P3569_LUCA-TCRA3_KH157/01_preprocessed/26_04_2026_minLenght191_QScore20/per_sample_metrics.tsv,01 preprocessing
GFB-66696,clib-KH157-3x-positive,01_preprocessing,reads_in_total,11187609,TCRA3,P3569_LUCA-TCRA3_KH157,data/P3569_LUCA-TCRA3_KH157/01_preprocessed/26_04_2026_minLenght191_QScore20/per_sample_metrics.tsv,01 preprocessing
GFB-66696,clib-KH157-3x-positive,01_preprocessing,reads_out_total,8128960,TCRA3,P3569_LUCA-TCRA3_KH157,data/P3569_LUCA-TCRA3_KH157/01_preprocessed/26_04_2026_minLenght191_QScore20/per_sample_metrics.tsv,01 preprocessing
GFB-66696,clib-KH157-3x-positive,01_preprocessing,reads_lost_trimming,3058649,TCRA3,P3569_LUCA-TCRA3_KH157,data/P3569_LUCA-TCRA3_KH157/01_preprocessed/26_04_2026_minLenght191_QScore20/per_sample_metrics.tsv,01 preprocessing
GFB-66696,clib-KH157-3x-positive,01_preprocessing,n_input_fastqs,2,TCRA3,P3569_LUCA-TCRA3_KH157,data/P3569_LUCA-TCRA3_KH157/01_preprocessed/26_04_2026_minLenght191_QScore20/per_sample_metrics.tsv,01 preprocessing
GFB-66697,clib-KH157-3-1x-positive,01_preprocessing,reads_in_total,11077455,TCRA3,P3569_LUCA-TCRA3_KH157,data/P3569_LUCA-TCRA3_KH157/01_preprocessed/26_04_2026_minLenght191_QScore20/per_sample_metrics.tsv,01 preprocessing
GFB-66697,clib-KH157-3-1x-positive,01_preprocessing,reads_out_total,7273283,TCRA3,P3569_LUCA-TCRA3_KH157,data/P3569_LUCA-TCRA3_KH157/01_preprocessed/26_04_2026_minLenght191_QScore20/per_sample_metrics.tsv,01 preprocessing
GFB-66697,clib-KH157-3-1x-positive,01_preprocessing,reads_lost_trimming,3804172,TCRA3,P3569_LUCA-TCRA3_KH157,data/P3569_LUCA-TCRA3_KH157/01_preprocessed/26_04_2026_minLenght191_QScore20/per_sample_metrics.tsv,01 preprocessing
GFB-66697,clib-KH157-3-1x-positive,01_preprocessing,n_input_fastqs,2,TCRA3,P3569_LUCA-TCRA3_KH157,data/P3569_LUCA-TCRA3_KH157/01_preprocessed/26_04_2026_minLenght191_QScore20/per_sample_metrics.tsv,01 preprocessing
GFB-66697,clib-KH157-3-1x-positive,02_umi_consensus,reads_in,7273283,TCRA3,P3569_LUCA-TCRA3_KH157,data/P3569_LUCA-TCRA3_KH157/02_umi/27_04_2026_KH157/per_sample_metrics.tsv,02 UMI consensus
GFB-66697,clib-KH157-3-1x-positive,02_umi_consensus,reads_lost_too_short,0,TCRA3,P3569_LUCA-TCRA3_KH157,data/P3569_LUCA-TCRA3_KH157/02_umi/27_04_2026_KH157/per_sample_metrics.tsv,02 UMI consensus
GFB-66697,clib-KH157-3-1x-positive,02_umi_consensus,reads_lost_no_anchor,17078,TCRA3,P3569_LUCA-TCRA3_KH157,data/P3569_LUCA-TCRA3_KH157/02_umi/27_04_2026_KH157/per_sample_metrics.tsv,02 UMI consensus
GFB-66697,clib-KH157-3-1x-positive,02_umi_consensus,reads_lost_anchor_wrong_pos,18037,TCRA3,P3569_LUCA-TCRA3_KH157,data/P3569_LUCA-TCRA3_KH157/02_umi/27_04_2026_KH157/per_sample_metrics.tsv,02 UMI consensus
GFB-66697,clib-KH157-3-1x-positive,02_umi_consensus,reads_lost_empty_insert,0,TCRA3,P3569_LUCA-TCRA3_KH157,data/P3569_LUCA-TCRA3_KH157/02_umi/27_04_2026_KH157/per_sample_metrics.tsv,02 UMI consensus
GFB-66697,clib-KH157-3-1x-positive,02_umi_consensus,reads_in_consensus,6054334,TCRA3,P3569_LUCA-TCRA3_KH157,data/P3569_LUCA-TCRA3_KH157/02_umi/27_04_2026_KH157/per_sample_metrics.tsv,02 UMI consensus
GFB-66697,clib-KH157-3-1x-positive,02_umi_consensus,reads_in_singletons,1183834,TCRA3,P3569_LUCA-TCRA3_KH157,data/P3569_LUCA-TCRA3_KH157/02_umi/27_04_2026_KH157/per_sample_metrics.tsv,02 UMI consensus
GFB-66697,clib-KH157-3-1x-positive,02_umi_consensus,umis_total,3024590,TCRA3,P3569_LUCA-TCRA3_KH157,data/P3569_LUCA-TCRA3_KH157/02_umi/27_04_2026_KH157/per_sample_metrics.tsv,02 UMI consensus
GFB-66697,clib-KH157-3-1x-positive,02_umi_consensus,umis_consensus,1840756,TCRA3,P3569_LUCA-TCRA3_KH157,data/P3569_LUCA-TCRA3_KH157/02_umi/27_04_2026_KH157/per_sample_metrics.tsv,02 UMI consensus
GFB-66697,clib-KH157-3-1x-positive,02_umi_consensus,umis_singleton,1183834,TCRA3,P3569_LUCA-TCRA3_KH157,data/P3569_LUCA-TCRA3_KH157/02_umi/27_04_2026_KH157/per_sample_metrics.tsv,02 UMI consensus
GFB-66696,clib-KH157-3x-positive,02_umi_consensus,reads_in,8128960,TCRA3,P3569_LUCA-TCRA3_KH157,data/P3569_LUCA-TCRA3_KH157/02_umi/27_04_2026_KH157/per_sample_metrics.tsv,02 UMI consensus
GFB-66696,clib-KH157-3x-positive,02_umi_consensus,reads_lost_too_short,0,TCRA3,P3569_LUCA-TCRA3_KH157,data/P3569_LUCA-TCRA3_KH157/02_umi/27_04_2026_KH157/per_sample_metrics.tsv,02 UMI consensus
GFB-66696,clib-KH157-3x-positive,02_umi_consensus,reads_lost_no_anchor,16858,TCRA3,P3569_LUCA-TCRA3_KH157,data/P3569_LUCA-TCRA3_KH157/02_umi/27_04_2026_KH157/per_sample_metrics.tsv,02 UMI consensus
GFB-66696,clib-KH157-3x-positive,02_umi_consensus,reads_lost_anchor_wrong_pos,19303,TCRA3,P3569_LUCA-TCRA3_KH157,data/P3569_LUCA-TCRA3_KH157/02_umi/27_04_2026_KH157/per_sample_metrics.tsv,02 UMI consensus
GFB-66696,clib-KH157-3x-positive,02_umi_consensus,reads_lost_empty_insert,0,TCRA3,P3569_LUCA-TCRA3_KH157,data/P3569_LUCA-TCRA3_KH157/02_umi/27_04_2026_KH157/per_sample_metrics.tsv,02 UMI consensus
GFB-66696,clib-KH157-3x-positive,02_umi_consensus,reads_in_consensus,6743920,TCRA3,P3569_LUCA-TCRA3_KH157,data/P3569_LUCA-TCRA3_KH157/02_umi/27_04_2026_KH157/per_sample_metrics.tsv,02 UMI consensus
GFB-66696,clib-KH157-3x-positive,02_umi_consensus,reads_in_singletons,1348879,TCRA3,P3569_LUCA-TCRA3_KH157,data/P3569_LUCA-TCRA3_KH157/02_umi/27_04_2026_KH157/per_sample_metrics.tsv,02 UMI consensus
GFB-66696,clib-KH157-3x-positive,02_umi_consensus,umis_total,3402334,TCRA3,P3569_LUCA-TCRA3_KH157,data/P3569_LUCA-TCRA3_KH157/02_umi/27_04_2026_KH157/per_sample_metrics.tsv,02 UMI consensus
GFB-66696,clib-KH157-3x-positive,02_umi_consensus,umis_consensus,2053455,TCRA3,P3569_LUCA-TCRA3_KH157,data/P3569_LUCA-TCRA3_KH157/02_umi/27_04_2026_KH157/per_sample_metrics.tsv,02 UMI consensus
GFB-66696,clib-KH157-3x-positive,02_umi_consensus,umis_singleton,1348879,TCRA3,P3569_LUCA-TCRA3_KH157,data/P3569_LUCA-TCRA3_KH157/02_umi/27_04_2026_KH157/per_sample_metrics.tsv,02 UMI consensus
GFB-66695,clib-KH157-2x-negative,02_umi_consensus,reads_in,209511828,TCRA3,P3569_LUCA-TCRA3_KH157,data/P3569_LUCA-TCRA3_KH157/02_umi/27_04_2026_KH157/per_sample_metrics.tsv,02 UMI consensus
GFB-66695,clib-KH157-2x-negative,02_umi_consensus,reads_lost_too_short,0,TCRA3,P3569_LUCA-TCRA3_KH157,data/P3569_LUCA-TCRA3_KH157/02_umi/27_04_2026_KH157/per_sample_metrics.tsv,02 UMI consensus
GFB-66695,clib-KH157-2x-negative,02_umi_consensus,reads_lost_no_anchor,568652,TCRA3,P3569_LUCA-TCRA3_KH157,data/P3569_LUCA-TCRA3_KH157/02_umi/27_04_2026_KH157/per_sample_metrics.tsv,02 UMI consensus
GFB-66695,clib-KH157-2x-negative,02_umi_consensus,reads_lost_anchor_wrong_pos,519100,TCRA3,P3569_LUCA-TCRA3_KH157,data/P3569_LUCA-TCRA3_KH157/02_umi/27_04_2026_KH157/per_sample_metrics.tsv,02 UMI consensus
GFB-66695,clib-KH157-2x-negative,02_umi_consensus,reads_lost_empty_insert,0,TCRA3,P3569_LUCA-TCRA3_KH157,data/P3569_LUCA-TCRA3_KH157/02_umi/27_04_2026_KH157/per_sample_metrics.tsv,02 UMI consensus
GFB-66695,clib-KH157-2x-negative,02_umi_consensus,reads_in_consensus,208072258,TCRA3,P3569_LUCA-TCRA3_KH157,data/P3569_LUCA-TCRA3_KH157/02_umi/27_04_2026_KH157/per_sample_metrics.tsv,02 UMI consensus
GFB-66695,clib-KH157-2x-negative,02_umi_consensus,reads_in_singletons,351818,TCRA3,P3569_LUCA-TCRA3_KH157,data/P3569_LUCA-TCRA3_KH157/02_umi/27_04_2026_KH157/per_sample_metrics.tsv,02 UMI consensus
GFB-66695,clib-KH157-2x-negative,02_umi_consensus,umis_total,6432061,TCRA3,P3569_LUCA-TCRA3_KH157,data/P3569_LUCA-TCRA3_KH157/02_umi/27_04_2026_KH157/per_sample_metrics.tsv,02 UMI consensus
GFB-66695,clib-KH157-2x-negative,02_umi_consensus,umis_consensus,6080243,TCRA3,P3569_LUCA-TCRA3_KH157,data/P3569_LUCA-TCRA3_KH157/02_umi/27_04_2026_KH157/per_sample_metrics.tsv,02 UMI consensus
GFB-66695,clib-KH157-2x-negative,02_umi_consensus,umis_singleton,351818,TCRA3,P3569_LUCA-TCRA3_KH157,data/P3569_LUCA-TCRA3_KH157/02_umi/27_04_2026_KH157/per_sample_metrics.tsv,02 UMI consensus
GFB-66695,clib-KH157-2x-negative,02a_singleton_rescue,reads_in,351818,TCRA3,P3569_LUCA-TCRA3_KH157,data/P3569_LUCA-TCRA3_KH157/02_umi/27_04_2026_KH157/per_sample_metrics.tsv,02a singleton rescue
GFB-66695,clib-KH157-2x-negative,02a_singleton_rescue,reads_lost_no_anchor,32338,TCRA3,P3569_LUCA-TCRA3_KH157,data/P3569_LUCA-TCRA3_KH157/02_umi/27_04_2026_KH157/per_sample_metrics.tsv,02a singleton rescue
GFB-66695,clib-KH157-2x-negative,02a_singleton_rescue,reads_lost_too_short,50,TCRA3,P3569_LUCA-TCRA3_KH157,data/P3569_LUCA-TCRA3_KH157/02_umi/27_04_2026_KH157/per_sample_metrics.tsv,02a singleton rescue
GFB-66695,clib-KH157-2x-negative,02a_singleton_rescue,reads_extracted,319430,TCRA3,P3569_LUCA-TCRA3_KH157,data/P3569_LUCA-TCRA3_KH157/02_umi/27_04_2026_KH157/per_sample_metrics.tsv,02a singleton rescue
GFB-66695,clib-KH157-2x-negative,02a_singleton_rescue,variants_total,47207,TCRA3,P3569_LUCA-TCRA3_KH157,data/P3569_LUCA-TCRA3_KH157/02_umi/27_04_2026_KH157/per_sample_metrics.tsv,02a singleton rescue
GFB-66695,clib-KH157-2x-negative,02a_singleton_rescue,variants_kept,23066,TCRA3,P3569_LUCA-TCRA3_KH157,data/P3569_LUCA-TCRA3_KH157/02_umi/27_04_2026_KH157/per_sample_metrics.tsv,02a singleton rescue
GFB-66695,clib-KH157-2x-negative,02a_singleton_rescue,reads_rescued,290539,TCRA3,P3569_LUCA-TCRA3_KH157,data/P3569_LUCA-TCRA3_KH157/02_umi/27_04_2026_KH157/per_sample_metrics.tsv,02a singleton rescue
GFB-66696,clib-KH157-3x-positive,02a_singleton_rescue,reads_in,1348879,TCRA3,P3569_LUCA-TCRA3_KH157,data/P3569_LUCA-TCRA3_KH157/02_umi/27_04_2026_KH157/per_sample_metrics.tsv,02a singleton rescue
GFB-66696,clib-KH157-3x-positive,02a_singleton_rescue,reads_lost_no_anchor,63009,TCRA3,P3569_LUCA-TCRA3_KH157,data/P3569_LUCA-TCRA3_KH157/02_umi/27_04_2026_KH157/per_sample_metrics.tsv,02a singleton rescue
GFB-66696,clib-KH157-3x-positive,02a_singleton_rescue,reads_lost_too_short,2,TCRA3,P3569_LUCA-TCRA3_KH157,data/P3569_LUCA-TCRA3_KH157/02_umi/27_04_2026_KH157/per_sample_metrics.tsv,02a singleton rescue
GFB-66696,clib-KH157-3x-positive,02a_singleton_rescue,reads_extracted,1285868,TCRA3,P3569_LUCA-TCRA3_KH157,data/P3569_LUCA-TCRA3_KH157/02_umi/27_04_2026_KH157/per_sample_metrics.tsv,02a singleton rescue
GFB-66696,clib-KH157-3x-positive,02a_singleton_rescue,variants_total,12973,TCRA3,P3569_LUCA-TCRA3_KH157,data/P3569_LUCA-TCRA3_KH157/02_umi/27_04_2026_KH157/per_sample_metrics.tsv,02a singleton rescue
GFB-66696,clib-KH157-3x-positive,02a_singleton_rescue,variants_kept,4984,TCRA3,P3569_LUCA-TCRA3_KH157,data/P3569_LUCA-TCRA3_KH157/02_umi/27_04_2026_KH157/per_sample_metrics.tsv,02a singleton rescue
GFB-66696,clib-KH157-3x-positive,02a_singleton_rescue,reads_rescued,1276607,TCRA3,P3569_LUCA-TCRA3_KH157,data/P3569_LUCA-TCRA3_KH157/02_umi/27_04_2026_KH157/per_sample_metrics.tsv,02a singleton rescue
GFB-66697,clib-KH157-3-1x-positive,02a_singleton_rescue,reads_in,1183834,TCRA3,P3569_LUCA-TCRA3_KH157,data/P3569_LUCA-TCRA3_KH157/02_umi/27_04_2026_KH157/per_sample_metrics.tsv,02a singleton rescue
GFB-66697,clib-KH157-3-1x-positive,02a_singleton_rescue,reads_lost_no_anchor,43721,TCRA3,P3569_LUCA-TCRA3_KH157,data/P3569_LUCA-TCRA3_KH157/02_umi/27_04_2026_KH157/per_sample_metrics.tsv,02a singleton rescue
GFB-66697,clib-KH157-3-1x-positive,02a_singleton_rescue,reads_lost_too_short,5,TCRA3,P3569_LUCA-TCRA3_KH157,data/P3569_LUCA-TCRA3_KH157/02_umi/27_04_2026_KH157/per_sample_metrics.tsv,02a singleton rescue
GFB-66697,clib-KH157-3-1x-positive,02a_singleton_rescue,reads_extracted,1140108,TCRA3,P3569_LUCA-TCRA3_KH157,data/P3569_LUCA-TCRA3_KH157/02_umi/27_04_2026_KH157/per_sample_metrics.tsv,02a singleton rescue
GFB-66697,clib-KH157-3-1x-positive,02a_singleton_rescue,variants_total,5386,TCRA3,P3569_LUCA-TCRA3_KH157,data/P3569_LUCA-TCRA3_KH157/02_umi/27_04_2026_KH157/per_sample_metrics.tsv,02a singleton rescue
GFB-66697,clib-KH157-3-1x-positive,02a_singleton_rescue,variants_kept,1666,TCRA3,P3569_LUCA-TCRA3_KH157,data/P3569_LUCA-TCRA3_KH157/02_umi/27_04_2026_KH157/per_sample_metrics.tsv,02a singleton rescue
GFB-66697,clib-KH157-3-1x-positive,02a_singleton_rescue,reads_rescued,1135753,TCRA3,P3569_LUCA-TCRA3_KH157,data/P3569_LUCA-TCRA3_KH157/02_umi/27_04_2026_KH157/per_sample_metrics.tsv,02a singleton rescue
GFB-66696,clib-KH157-3x-positive,03_extraction,reads_in_total,3330062,TCRA3,P3569_LUCA-TCRA3_KH157,data/P3569_LUCA-TCRA3_KH157/03_extracted/27_04_2026_KH157/per_sample_metrics.tsv,03 extraction
GFB-66696,clib-KH157-3x-positive,03_extraction,reads_pass,2881723,TCRA3,P3569_LUCA-TCRA3_KH157,data/P3569_LUCA-TCRA3_KH157/03_extracted/27_04_2026_KH157/per_sample_metrics.tsv,03 extraction
GFB-66696,clib-KH157-3x-positive,03_extraction,reads_lost_no_anchor,80215,TCRA3,P3569_LUCA-TCRA3_KH157,data/P3569_LUCA-TCRA3_KH157/03_extracted/27_04_2026_KH157/per_sample_metrics.tsv,03 extraction
GFB-66696,clib-KH157-3x-positive,03_extraction,reads_lost_too_short,5,TCRA3,P3569_LUCA-TCRA3_KH157,data/P3569_LUCA-TCRA3_KH157/03_extracted/27_04_2026_KH157/per_sample_metrics.tsv,03 extraction
GFB-66696,clib-KH157-3x-positive,03_extraction,reads_lost_contains_N,291684,TCRA3,P3569_LUCA-TCRA3_KH157,data/P3569_LUCA-TCRA3_KH157/03_extracted/27_04_2026_KH157/per_sample_metrics.tsv,03 extraction
GFB-66696,clib-KH157-3x-positive,03_extraction,reads_lost_wrong_length,0,TCRA3,P3569_LUCA-TCRA3_KH157,data/P3569_LUCA-TCRA3_KH157/03_extracted/27_04_2026_KH157/per_sample_metrics.tsv,03 extraction
GFB-66696,clib-KH157-3x-positive,03_extraction,reads_lost_stop_codon,614,TCRA3,P3569_LUCA-TCRA3_KH157,data/P3569_LUCA-TCRA3_KH157/03_extracted/27_04_2026_KH157/per_sample_metrics.tsv,03 extraction
GFB-66696,clib-KH157-3x-positive,03_extraction,reads_lost_validation,75821,TCRA3,P3569_LUCA-TCRA3_KH157,data/P3569_LUCA-TCRA3_KH157/03_extracted/27_04_2026_KH157/per_sample_metrics.tsv,03 extraction
GFB-66697,clib-KH157-3-1x-positive,03_extraction,reads_in_total,2976509,TCRA3,P3569_LUCA-TCRA3_KH157,data/P3569_LUCA-TCRA3_KH157/03_extracted/27_04_2026_KH157/per_sample_metrics.tsv,03 extraction
GFB-66697,clib-KH157-3-1x-positive,03_extraction,reads_pass,2673195,TCRA3,P3569_LUCA-TCRA3_KH157,data/P3569_LUCA-TCRA3_KH157/03_extracted/27_04_2026_KH157/per_sample_metrics.tsv,03 extraction
GFB-66697,clib-KH157-3-1x-positive,03_extraction,reads_lost_no_anchor,46125,TCRA3,P3569_LUCA-TCRA3_KH157,data/P3569_LUCA-TCRA3_KH157/03_extracted/27_04_2026_KH157/per_sample_metrics.tsv,03 extraction
GFB-66697,clib-KH157-3-1x-positive,03_extraction,reads_lost_too_short,4,TCRA3,P3569_LUCA-TCRA3_KH157,data/P3569_LUCA-TCRA3_KH157/03_extracted/27_04_2026_KH157/per_sample_metrics.tsv,03 extraction
GFB-66697,clib-KH157-3-1x-positive,03_extraction,reads_lost_contains_N,213718,TCRA3,P3569_LUCA-TCRA3_KH157,data/P3569_LUCA-TCRA3_KH157/03_extracted/27_04_2026_KH157/per_sample_metrics.tsv,03 extraction
GFB-66697,clib-KH157-3-1x-positive,03_extraction,reads_lost_wrong_length,0,TCRA3,P3569_LUCA-TCRA3_KH157,data/P3569_LUCA-TCRA3_KH157/03_extracted/27_04_2026_KH157/per_sample_metrics.tsv,03 extraction
GFB-66697,clib-KH157-3-1x-positive,03_extraction,reads_lost_stop_codon,425,TCRA3,P3569_LUCA-TCRA3_KH157,data/P3569_LUCA-TCRA3_KH157/03_extracted/27_04_2026_KH157/per_sample_metrics.tsv,03 extraction
GFB-66697,clib-KH157-3-1x-positive,03_extraction,reads_lost_validation,43042,TCRA3,P3569_LUCA-TCRA3_KH157,data/P3569_LUCA-TCRA3_KH157/03_extracted/27_04_2026_KH157/per_sample_metrics.tsv,03 extraction
GFB-66695,clib-KH157-2x-negative,03_extraction,reads_in_total,6370782,TCRA3,P3569_LUCA-TCRA3_KH157,data/P3569_LUCA-TCRA3_KH157/03_extracted/27_04_2026_KH157/per_sample_metrics.tsv,03 extraction
GFB-66695,clib-KH157-2x-negative,03_extraction,reads_pass,5877197,TCRA3,P3569_LUCA-TCRA3_KH157,data/P3569_LUCA-TCRA3_KH157/03_extracted/27_04_2026_KH157/per_sample_metrics.tsv,03 extraction
GFB-66695,clib-KH157-2x-negative,03_extraction,reads_lost_no_anchor,178823,TCRA3,P3569_LUCA-TCRA3_KH157,data/P3569_LUCA-TCRA3_KH157/03_extracted/27_04_2026_KH157/per_sample_metrics.tsv,03 extraction
GFB-66695,clib-KH157-2x-negative,03_extraction,reads_lost_too_short,893,TCRA3,P3569_LUCA-TCRA3_KH157,data/P3569_LUCA-TCRA3_KH157/03_extracted/27_04_2026_KH157/per_sample_metrics.tsv,03 extraction
GFB-66695,clib-KH157-2x-negative,03_extraction,reads_lost_contains_N,137889,TCRA3,P3569_LUCA-TCRA3_KH157,data/P3569_LUCA-TCRA3_KH157/03_extracted/27_04_2026_KH157/per_sample_metrics.tsv,03 extraction
GFB-66695,clib-KH157-2x-negative,03_extraction,reads_lost_wrong_length,0,TCRA3,P3569_LUCA-TCRA3_KH157,data/P3569_LUCA-TCRA3_KH157/03_extracted/27_04_2026_KH157/per_sample_metrics.tsv,03 extraction
GFB-66695,clib-KH157-2x-negative,03_extraction,reads_lost_stop_codon,4368,TCRA3,P3569_LUCA-TCRA3_KH157,data/P3569_LUCA-TCRA3_KH157/03_extracted/27_04_2026_KH157/per_sample_metrics.tsv,03 extraction
GFB-66695,clib-KH157-2x-negative,03_extraction,reads_lost_validation,171612,TCRA3,P3569_LUCA-TCRA3_KH157,data/P3569_LUCA-TCRA3_KH157/03_extracted/27_04_2026_KH157/per_sample_metrics.tsv,03 extraction
